season,age_group,division,geography,date,home_team,home_goals,away_goals,away_team,notes
Spring 2026,Over 30,1,North,2026-04-05,Loco Gunners,4,0,Massachusetts United,
Spring 2026,Over 30,1,North,2026-04-05,Meadowlark FC,6,1,Cantona,
Spring 2026,Over 30,1,North,2026-04-12,Massachusetts United,3,3,CDF Azzurri,
Spring 2026,Over 30,1,North,2026-04-12,Eastern FC,3,1,Loco Gunners,
Spring 2026,Over 30,1,North,2026-04-12,Cantona,1,5,Newburyport FC,
Spring 2026,Over 30,1,North,2026-04-12,Kendall Wanderers,0,0,Meadowlark FC,
Spring 2026,Over 30,1,North,2026-04-19,CDF Azzurri,5,1,Loco Gunners,
Spring 2026,Over 30,1,North,2026-04-19,Massachusetts United,2,1,Eastern FC,
Spring 2026,Over 30,1,North,2026-04-19,Kendall Wanderers,2,2,Cantona,
Spring 2026,Over 30,1,North,2026-04-19,Meadowlark FC,2,5,Newburyport FC,
Spring 2026,Over 30,1,North,2026-04-26,Eastern FC,1,3,Meadowlark FC,
Spring 2026,Over 30,1,North,2026-04-26,Loco Gunners,0,4,Kendall Wanderers,
Spring 2026,Over 30,1,North,2026-04-26,Newburyport FC,4,2,Massachusetts United,
Spring 2026,Over 30,1,North,2026-04-26,Cantona,1,4,CDF Azzurri,
Spring 2026,Over 30,1,North,2026-05-03,Newburyport FC,4,3,Loco Gunners,
Spring 2026,Over 30,1,North,2026-05-03,Meadowlark FC,0,2,CDF Azzurri,
Spring 2026,Over 30,1,North,2026-05-03,Cantona,0,4,Eastern FC,
Spring 2026,Over 30,1,North,2026-05-10,Eastern FC,3,3,Newburyport FC,
Spring 2026,Over 30,1,North,2026-05-10,Loco Gunners,3,1,Cantona,
Spring 2026,Over 30,1,North,2026-05-10,Massachusetts United,0,4,Meadowlark FC,
Spring 2026,Over 30,1,North,2026-05-17,CDF Azzurri,6,1,Newburyport FC,
Spring 2026,Over 30,1,North,2026-05-17,Massachusetts United,6,3,Cantona,
Spring 2026,Over 30,1,North,2026-05-17,Kendall Wanderers,2,2,Eastern FC,
Spring 2026,Over 30,1,North,2026-05-17,Meadowlark FC,0,0,Loco Gunners,
Spring 2026,Over 30,1,North,2026-05-20,CDF Azzurri,2,1,Eastern FC,
Spring 2026,Over 30,1,North,2026-05-24,Kendall Wanderers,2,1,Massachusetts United,
Spring 2026,Over 30,1,North,2026-05-31,Loco Gunners,2,5,CDF Azzurri,
Spring 2026,Over 30,1,North,2026-05-31,Eastern FC,4,2,Massachusetts United,
Spring 2026,Over 30,1,North,2026-05-31,Cantona,0,2,Kendall Wanderers,
Spring 2026,Over 30,1,North,2026-05-31,Newburyport FC,2,forfeit,Meadowlark FC,forfeit
Spring 2026,Over 30,1,North,2026-06-07,Newburyport FC,0,0,Kendall Wanderers,
Spring 2026,Over 30,1,North,2026-06-07,Eastern FC,1,4,CDF Azzurri,
Spring 2026,Over 30,1,North,2026-06-07,Massachusetts United forfeit lost by,forfeit,2,Loco Gunners,forfeit
Spring 2026,Over 30,1,North,2026-06-07,Kendall Wanderers,1,1,Newburyport FC,
Spring 2026,Over 30,1,North,2026-06-07,Cantona,3,3,Meadowlark FC,
Spring 2026,Over 30,1,North,2026-06-14,CDF Azzurri,2,forfeitNP,Massachusetts United,forfeit
Spring 2026,Over 30,1,North,2026-06-14,Loco Gunners,,,Eastern FC,scheduled
Spring 2026,Over 30,1,North,2026-06-14,Newburyport FC,,,Cantona,scheduled
Spring 2026,Over 30,1,North,2026-06-14,Meadowlark FC,,,Kendall Wanderers,scheduled
Spring 2026,Over 30,1,North,2026-06-21,TBD,,,TBD,scheduled
Spring 2026,Over 30,1,North,2026-06-21,TBD,,,TBD,scheduled
Spring 2026,Over 30,1,North,2026-06-28,TBD,,,TBD,scheduled
Spring 2026,Over 30,1,South,2026-03-29,Southside F.C.,4,1,Taunton Eagles Soccer Club,
Spring 2026,Over 30,1,South,2026-04-05,Shake-Shake FC,2,6,Plymouth FC,
Spring 2026,Over 30,1,South,2026-04-12,Taunton Eagles Soccer Club,0,1,Os Amigos F.C.,
Spring 2026,Over 30,1,South,2026-04-12,Torres FC,0,1,Southside F.C.,
Spring 2026,Over 30,1,South,2026-04-12,Plymouth FC,1,0,Boston Nigeria Eagles FC,
Spring 2026,Over 30,1,South,2026-04-12,Boston Celtic FC,,,Shake-Shake FC,scheduled
Spring 2026,Over 30,1,South,2026-04-19,Os Amigos F.C.,2,0,Southside F.C.,
Spring 2026,Over 30,1,South,2026-04-19,Taunton Eagles Soccer Club,2,1,Torres FC,
Spring 2026,Over 30,1,South,2026-04-19,Boston Celtic FC,,,Plymouth FC,scheduled
Spring 2026,Over 30,1,South,2026-04-19,Shake-Shake FC,0,3,Boston Nigeria Eagles FC,
Spring 2026,Over 30,1,South,2026-04-26,Torres FC,3,1,Shake-Shake FC,
Spring 2026,Over 30,1,South,2026-04-26,Southside F.C.,,,Boston Celtic FC,scheduled
Spring 2026,Over 30,1,South,2026-04-26,Boston Nigeria Eagles FC,2,4,Taunton Eagles Soccer Club,
Spring 2026,Over 30,1,South,2026-05-03,Boston Nigeria Eagles FC,1,0,Southside F.C.,
Spring 2026,Over 30,1,South,2026-05-03,Boston Celtic FC,,,Taunton Eagles Soccer Club,scheduled
Spring 2026,Over 30,1,South,2026-05-03,Shake-Shake FC,4,3,Os Amigos F.C.,
Spring 2026,Over 30,1,South,2026-05-03,Plymouth FC,0,0,Torres FC,
Spring 2026,Over 30,1,South,2026-05-10,Os Amigos F.C.,,,Boston Celtic FC,scheduled
Spring 2026,Over 30,1,South,2026-05-10,Torres FC,1,1,Boston Nigeria Eagles FC,
Spring 2026,Over 30,1,South,2026-05-10,Southside F.C.,2,2,Plymouth FC,
Spring 2026,Over 30,1,South,2026-05-10,Taunton Eagles Soccer Club,4,1,Shake-Shake FC,
Spring 2026,Over 30,1,South,2026-05-17,Taunton Eagles Soccer Club,2,0,Plymouth FC,
Spring 2026,Over 30,1,South,2026-05-17,Boston Celtic FC,,,Torres FC,scheduled
Spring 2026,Over 30,1,South,2026-05-17,Shake-Shake FC,4,4,Southside F.C.,
Spring 2026,Over 30,1,South,2026-05-20,Boston Nigeria Eagles FC,,,Boston Celtic FC,scheduled
Spring 2026,Over 30,1,South,2026-05-24,Os Amigos F.C.,1,2,Torres FC,
Spring 2026,Over 30,1,South,2026-05-31,Southside F.C.,4,0,Os Amigos F.C.,
Spring 2026,Over 30,1,South,2026-05-31,Torres FC,2,0,Taunton Eagles Soccer Club,
Spring 2026,Over 30,1,South,2026-05-31,Plymouth FC,,,Boston Celtic FC,scheduled
Spring 2026,Over 30,1,South,2026-05-31,Boston Nigeria Eagles FC,5,2,Shake-Shake FC,
Spring 2026,Over 30,1,South,2026-06-07,Taunton Eagles Soccer Club,0,2,Southside F.C.,
Spring 2026,Over 30,1,South,2026-06-07,Boston Celtic FC,,,Boston Nigeria Eagles FC,scheduled
Spring 2026,Over 30,1,South,2026-06-07,Plymouth FC,2,forfeit,Shake-Shake FC,forfeit
Spring 2026,Over 30,1,South,2026-06-10,Plymouth FC,,,Os Amigos F.C.,scheduled
Spring 2026,Over 30,1,South,2026-06-14,Os Amigos F.C.,,,Taunton Eagles Soccer Club,scheduled
Spring 2026,Over 30,1,South,2026-06-14,Southside F.C.,,,Torres FC,scheduled
Spring 2026,Over 30,1,South,2026-06-14,Boston Nigeria Eagles FC,,,Plymouth FC,scheduled
Spring 2026,Over 30,1,South,2026-06-14,Shake-Shake FC,,,Boston Celtic FC,scheduled
Spring 2026,Over 30,1,South,2026-06-17,Os Amigos F.C.,,,Boston Nigeria Eagles FC,scheduled
Spring 2026,Over 30,1,South,2026-06-21,TBD,,,TBD,scheduled
Spring 2026,Over 30,1,South,2026-06-21,TBD,,,TBD,scheduled
Spring 2026,Over 30,1,South,2026-06-28,TBD,,,TBD,scheduled
Spring 2026,Over 30,1,South,TBD,Torres FC,,,Os Amigos F.C.,scheduled
Spring 2026,Over 30,2,North,2026-04-04,Irish Village,0,1,Lynnfield FC,
Spring 2026,Over 30,2,North,2026-04-05,Groton House FC,3,0,Lexington Eagles FC,
Spring 2026,Over 30,2,North,2026-04-12,Lexington Eagles FC,2,2,Irish Village,
Spring 2026,Over 30,2,North,2026-04-12,Lynnfield FC,2,2,Groton House FC,
Spring 2026,Over 30,2,North,2026-04-12,Harvard,0,0,Ferruginha FC,
Spring 2026,Over 30,2,North,2026-04-12,Essex Football Club,1,0,New England Elite FC,
Spring 2026,Over 30,2,North,2026-04-19,Irish Village,0,2,Groton House FC,
Spring 2026,Over 30,2,North,2026-04-19,Lexington Eagles FC,1,0,Lynnfield FC,
Spring 2026,Over 30,2,North,2026-04-19,Essex Football Club,4,1,Harvard,
Spring 2026,Over 30,2,North,2026-04-19,New England Elite FC,forfeit,forfeit,FC,double forfeit
Spring 2026,Over 30,2,North,2026-04-26,Lynnfield FC,2,4,New England Elite FC,
Spring 2026,Over 30,2,North,2026-04-26,Groton House FC,5,0,Essex Football Club,
Spring 2026,Over 30,2,North,2026-04-26,Ferruginha FC,4,1,Lexington Eagles FC,
Spring 2026,Over 30,2,North,2026-04-26,Harvard,4,3,Irish Village,
Spring 2026,Over 30,2,North,2026-05-03,Ferruginha FC,0,0,Groton House FC,
Spring 2026,Over 30,2,North,2026-05-03,Essex Football Club,5,0,Lexington Eagles FC,
Spring 2026,Over 30,2,North,2026-05-03,New England Elite FC,3,6,Irish Village,
Spring 2026,Over 30,2,North,2026-05-03,Harvard,1,1,Lynnfield FC,
Spring 2026,Over 30,2,North,2026-05-10,Irish Village,1,1,Essex Football Club,
Spring 2026,Over 30,2,North,2026-05-10,Groton House FC,2,0,Harvard,
Spring 2026,Over 30,2,North,2026-05-10,Lexington Eagles FC,3,1,New England Elite FC,
Spring 2026,Over 30,2,North,2026-05-14,Ferruginha FC,3,1,Essex Football Club,
Spring 2026,Over 30,2,North,2026-05-17,Irish Village,3,3,Ferruginha FC,
Spring 2026,Over 30,2,North,2026-05-17,Lexington Eagles FC,2,5,Harvard,
Spring 2026,Over 30,2,North,2026-05-17,Essex Football Club,4,2,Lynnfield FC,
Spring 2026,Over 30,2,North,2026-05-17,New England Elite FC,2,6,Groton House FC,
Spring 2026,Over 30,2,North,2026-05-24,New England Elite FC,2,3,Harvard,
Spring 2026,Over 30,2,North,2026-05-24,Lynnfield FC,3,3,Ferruginha FC,
Spring 2026,Over 30,2,North,2026-05-31,Groton House FC,2,1,Irish Village,
Spring 2026,Over 30,2,North,2026-05-31,Lynnfield FC,2,2,Lexington Eagles FC,
Spring 2026,Over 30,2,North,2026-05-31,Harvard,1,5,Essex Football Club,
Spring 2026,Over 30,2,North,2026-05-31,Ferruginha FC,10,1,New England Elite FC,
Spring 2026,Over 30,2,North,2026-06-07,Lynnfield FC,,,Irish Village,scheduled
Spring 2026,Over 30,2,North,2026-06-07,Lexington Eagles FC,0,1,Groton House FC,
Spring 2026,Over 30,2,North,2026-06-07,Essex Football Club,1,1,Ferruginha FC,
Spring 2026,Over 30,2,North,2026-06-07,Harvard,3,2,New England Elite FC,
Spring 2026,Over 30,2,North,2026-06-14,Irish Village,,,Lexington Eagles FC,scheduled
Spring 2026,Over 30,2,North,2026-06-14,Groton House FC,,,Lynnfield FC,scheduled
Spring 2026,Over 30,2,North,2026-06-14,Ferruginha FC,,,Harvard,scheduled
Spring 2026,Over 30,2,North,2026-06-14,New England Elite FC,,,Essex Football Club,scheduled
Spring 2026,Over 30,2,North,2026-06-21,TBD,,,TBD,scheduled
Spring 2026,Over 30,2,North,2026-06-21,TBD,,,TBD,scheduled
Spring 2026,Over 30,2,North,2026-06-28,TBD,,,TBD,scheduled
Spring 2026,Over 30,2,South,2026-04-02,Juventus USA,3,3,Rovers FC,
Spring 2026,Over 30,2,South,2026-04-04,Old Colony Rovers,1,3,Fernandes FC,
Spring 2026,Over 30,2,South,2026-04-05,Needham United,6,0,Classicos F.C,
Spring 2026,Over 30,2,South,2026-04-05,Medfield,2,2,PRAIA KAPITAL FC,
Spring 2026,Over 30,2,South,2026-04-12,Classicos F.C,2,7,Old Colony Rovers,
Spring 2026,Over 30,2,South,2026-04-12,Fernandes FC,2,forfeitNP,Needham United,forfeit
Spring 2026,Over 30,2,South,2026-04-12,Rovers FC,5,0,Medfield,
Spring 2026,Over 30,2,South,2026-04-12,PRAIA KAPITAL FC,1,2,Juventus USA,
Spring 2026,Over 30,2,South,2026-04-19,Old Colony Rovers,2,3,Needham United,
Spring 2026,Over 30,2,South,2026-04-19,Classicos F.C,4,0,Fernandes FC,
Spring 2026,Over 30,2,South,2026-04-19,PRAIA KAPITAL FC,2,2,Rovers FC,
Spring 2026,Over 30,2,South,2026-04-19,Juventus USA,0,0,Medfield,
Spring 2026,Over 30,2,South,2026-04-26,Fernandes FC,0,1,Juventus USA,
Spring 2026,Over 30,2,South,2026-04-26,Needham United,2,1,PRAIA KAPITAL FC,
Spring 2026,Over 30,2,South,2026-04-26,Medfield,4,4,Classicos F.C,
Spring 2026,Over 30,2,South,2026-04-26,Rovers FC,1,1,Old Colony Rovers,
Spring 2026,Over 30,2,South,2026-05-03,Medfield,1,2,Needham United,
Spring 2026,Over 30,2,South,2026-05-03,PRAIA KAPITAL FC,1,1,Classicos F.C,
Spring 2026,Over 30,2,South,2026-05-03,Rovers FC,2,1,Fernandes FC,
Spring 2026,Over 30,2,South,2026-05-10,Old Colony Rovers,3,6,PRAIA KAPITAL FC,
Spring 2026,Over 30,2,South,2026-05-10,Fernandes FC,5,6,Medfield,
Spring 2026,Over 30,2,South,2026-05-10,Needham United,2,forfeitNP,Rovers FC,forfeit
Spring 2026,Over 30,2,South,2026-05-10,Classicos F.C,4,3,Juventus USA,
Spring 2026,Over 30,2,South,2026-05-17,Old Colony Rovers,2,5,Medfield,
Spring 2026,Over 30,2,South,2026-05-17,Classicos F.C,3,1,Rovers FC,
Spring 2026,Over 30,2,South,2026-05-17,PRAIA KAPITAL FC,3,1,Fernandes FC,
Spring 2026,Over 30,2,South,2026-05-17,Juventus USA,6,1,Needham United,
Spring 2026,Over 30,2,South,2026-05-23,Juventus USA,5,3,Old Colony Rovers,
Spring 2026,Over 30,2,South,2026-05-31,Needham United,4,1,Old Colony Rovers,
Spring 2026,Over 30,2,South,2026-05-31,Fernandes FC,3,3,Classicos F.C,
Spring 2026,Over 30,2,South,2026-05-31,Rovers FC,4,4,PRAIA KAPITAL FC,
Spring 2026,Over 30,2,South,2026-05-31,Medfield,1,7,Juventus USA,
Spring 2026,Over 30,2,South,2026-06-07,Fernandes FC,3,1,Old Colony Rovers,
Spring 2026,Over 30,2,South,2026-06-07,Classicos F.C,0,3,Needham United,
Spring 2026,Over 30,2,South,2026-06-07,PRAIA KAPITAL FC,2,0,Medfield,
Spring 2026,Over 30,2,South,2026-06-07,Rovers FC,0,2,Juventus USA,
Spring 2026,Over 30,2,South,2026-06-14,Old Colony Rovers,,,Classicos F.C,scheduled
Spring 2026,Over 30,2,South,2026-06-14,Needham United,,,Fernandes FC,scheduled
Spring 2026,Over 30,2,South,2026-06-14,Medfield,,,Rovers FC,scheduled
Spring 2026,Over 30,2,South,2026-06-14,Juventus USA,,,PRAIA KAPITAL FC,scheduled
Spring 2026,Over 30,2,South,2026-06-21,TBD,,,TBD,scheduled
Spring 2026,Over 30,2,South,2026-06-21,TBD,,,TBD,scheduled
Spring 2026,Over 30,2,South,2026-06-28,TBD,,,TBD,scheduled
Spring 2026,Over 30,3,North,2026-04-05,Concord United,2,1,Marblehead,
Spring 2026,Over 30,3,North,2026-04-05,Lynn Leones,2,forfeit,Sporting Club Malden,forfeit
Spring 2026,Over 30,3,North,2026-04-05,Sandy Pond Soccer Club,6,3,Rebels FC,
Spring 2026,Over 30,3,North,2026-04-12,Nashua City,1,6,Concord United,
Spring 2026,Over 30,3,North,2026-04-12,Marblehead,2,2,Lowell United,
Spring 2026,Over 30,3,North,2026-04-12,Rebels FC,3,2,Lynn Leones,
Spring 2026,Over 30,3,North,2026-04-12,Sporting Club Malden,5,1,Sandy Pond Soccer Club,
Spring 2026,Over 30,3,North,2026-04-19,Concord United,3,4,Lowell United,
Spring 2026,Over 30,3,North,2026-04-19,Nashua City,0,6,Marblehead,
Spring 2026,Over 30,3,North,2026-04-19,Sporting Club Malden,2,2,Rebels FC,
Spring 2026,Over 30,3,North,2026-04-19,Sandy Pond Soccer Club,6,7,Lynn Leones,
Spring 2026,Over 30,3,North,2026-04-26,Marblehead,9,0,Sandy Pond Soccer Club,
Spring 2026,Over 30,3,North,2026-04-26,Lowell United,3,2,Sporting Club Malden,
Spring 2026,Over 30,3,North,2026-04-26,Lynn Leones,3,2,Nashua City,
Spring 2026,Over 30,3,North,2026-04-26,Rebels FC,1,6,Concord United,
Spring 2026,Over 30,3,North,2026-05-03,Lynn Leones,2,1,Lowell United,
Spring 2026,Over 30,3,North,2026-05-03,Sporting Club Malden,4,2,Nashua City,
Spring 2026,Over 30,3,North,2026-05-03,Sandy Pond Soccer Club,1,7,Concord United,
Spring 2026,Over 30,3,North,2026-05-03,Rebels FC,0,2,Marblehead,
Spring 2026,Over 30,3,North,2026-05-10,Concord United,9,5,Sporting Club Malden,
Spring 2026,Over 30,3,North,2026-05-10,Marblehead,2,2,Lynn Leones,
Spring 2026,Over 30,3,North,2026-05-10,Lowell United,9,0,Rebels FC,
Spring 2026,Over 30,3,North,2026-05-10,Nashua City,5,1,Sandy Pond Soccer Club,
Spring 2026,Over 30,3,North,2026-05-17,Concord United,11,0,Lynn Leones,
Spring 2026,Over 30,3,North,2026-05-17,Nashua City,9,2,Rebels FC,
Spring 2026,Over 30,3,North,2026-05-17,Sporting Club Malden,2,2,Marblehead,
Spring 2026,Over 30,3,North,2026-05-17,Sandy Pond Soccer Club,3,9,Lowell United,
Spring 2026,Over 30,3,North,2026-05-31,Lowell United,1,2,Concord United,
Spring 2026,Over 30,3,North,2026-05-31,Marblehead,3,0,Nashua City,
Spring 2026,Over 30,3,North,2026-05-31,Rebels FC,4,4,Sporting Club Malden,
Spring 2026,Over 30,3,North,2026-05-31,Lynn Leones forfeit lost by,forfeit,2,Sandy Pond Soccer Club,forfeit
Spring 2026,Over 30,3,North,2026-06-07,Marblehead,1,1,Concord United,
Spring 2026,Over 30,3,North,2026-06-07,Nashua City,0,1,Lowell United,
Spring 2026,Over 30,3,North,2026-06-07,Sporting Club Malden,4,1,Lynn Leones,
Spring 2026,Over 30,3,North,2026-06-07,Rebels FC,2,3,Sandy Pond Soccer Club,
Spring 2026,Over 30,3,North,2026-06-14,Concord United,,,Nashua City,scheduled
Spring 2026,Over 30,3,North,2026-06-14,Lowell United,,,Marblehead,scheduled
Spring 2026,Over 30,3,North,2026-06-14,Lynn Leones,,,Rebels FC,scheduled
Spring 2026,Over 30,3,North,2026-06-14,Sandy Pond Soccer Club,,,Sporting Club Malden,scheduled
Spring 2026,Over 30,3,North,2026-06-21,TBD,,,TBD,scheduled
Spring 2026,Over 30,3,North,2026-06-21,TBD,,,TBD,scheduled
Spring 2026,Over 30,3,North,2026-06-28,TBD,,,TBD,scheduled
Spring 2026,Over 30,3,North,TBD,Lowell United,2,forfeitNP,Nashua City,forfeit
Spring 2026,Over 30,3,South,2026-04-05,Somerville FC,0,2,Harvest Soccer Club,
Spring 2026,Over 30,3,South,2026-04-05,HTK FC,0,5,Providence City FC,
Spring 2026,Over 30,3,South,2026-04-05,Metrowest United FC,1,6,Roots FC,
Spring 2026,Over 30,3,South,2026-04-05,Middlesex FC,4,2,Newport FC,
Spring 2026,Over 30,3,South,2026-04-12,Providence City FC,3,3,Somerville FC,
Spring 2026,Over 30,3,South,2026-04-12,Harvest Soccer Club,4,2,HTK FC,
Spring 2026,Over 30,3,South,2026-04-12,Newport FC,6,1,Metrowest United FC,
Spring 2026,Over 30,3,South,2026-04-12,Roots FC,5,2,Middlesex FC,
Spring 2026,Over 30,3,South,2026-04-19,Somerville FC,4,0,HTK FC,
Spring 2026,Over 30,3,South,2026-04-19,Providence City FC,1,1,Harvest Soccer Club,
Spring 2026,Over 30,3,South,2026-04-19,Roots FC,2,3,Newport FC,
Spring 2026,Over 30,3,South,2026-04-19,Middlesex FC,5,1,Metrowest United FC,
Spring 2026,Over 30,3,South,2026-04-26,Harvest Soccer Club,3,0,Middlesex FC,
Spring 2026,Over 30,3,South,2026-04-26,HTK FC,1,3,Roots FC,
Spring 2026,Over 30,3,South,2026-04-26,Metrowest United FC,1,7,Providence City FC,
Spring 2026,Over 30,3,South,2026-04-26,Newport FC,3,0,Somerville FC,
Spring 2026,Over 30,3,South,2026-05-03,Metrowest United FC,0,0,HTK FC,
Spring 2026,Over 30,3,South,2026-05-03,Roots FC,2,3,Providence City FC,
Spring 2026,Over 30,3,South,2026-05-03,Middlesex FC,3,2,Somerville FC,
Spring 2026,Over 30,3,South,2026-05-03,Newport FC,5,4,Harvest Soccer Club,
Spring 2026,Over 30,3,South,2026-05-10,Somerville FC,2,3,Roots FC,
Spring 2026,Over 30,3,South,2026-05-10,Harvest Soccer Club,8,1,Metrowest United FC,
Spring 2026,Over 30,3,South,2026-05-10,HTK FC,2,3,Newport FC,
Spring 2026,Over 30,3,South,2026-05-10,Providence City FC,2,6,Middlesex FC,
Spring 2026,Over 30,3,South,2026-05-17,Somerville FC,4,2,Metrowest United FC,
Spring 2026,Over 30,3,South,2026-05-17,Roots FC,0,1,Harvest Soccer Club,
Spring 2026,Over 30,3,South,2026-05-17,Middlesex FC,8,3,HTK FC,
Spring 2026,Over 30,3,South,2026-05-31,HTK FC,1,2,Somerville FC,
Spring 2026,Over 30,3,South,2026-05-31,Harvest Soccer Club,2,6,Providence City FC,
Spring 2026,Over 30,3,South,2026-05-31,Newport FC,5,2,Roots FC,
Spring 2026,Over 30,3,South,2026-05-31,Metrowest United FC,4,7,Middlesex FC,
Spring 2026,Over 30,3,South,2026-06-07,Harvest Soccer Club,3,0,Somerville FC,
Spring 2026,Over 30,3,South,2026-06-07,Providence City FC,7,1,HTK FC,
Spring 2026,Over 30,3,South,2026-06-07,Roots FC,4,1,Metrowest United FC,
Spring 2026,Over 30,3,South,2026-06-07,Newport FC,6,3,Middlesex FC,
Spring 2026,Over 30,3,South,2026-06-14,Somerville FC,,,Providence City FC,scheduled
Spring 2026,Over 30,3,South,2026-06-14,HTK FC,,,Harvest Soccer Club,scheduled
Spring 2026,Over 30,3,South,2026-06-14,Metrowest United FC,,,Newport FC,scheduled
Spring 2026,Over 30,3,South,2026-06-14,Middlesex FC,2,forfeitNP,Roots FC,forfeit
Spring 2026,Over 30,3,South,2026-06-21,TBD,,,TBD,scheduled
Spring 2026,Over 30,3,South,2026-06-21,TBD,,,TBD,scheduled
Spring 2026,Over 30,3,South,2026-06-28,TBD,,,TBD,scheduled
Spring 2026,Over 30,3,South,TBD,Providence City FC,,,Newport FC,scheduled
Spring 2026,Over 40,1,North,2026-04-05,Concord United Masters,6,1,Hudson United,
Spring 2026,Over 40,1,North,2026-04-05,Winchester Safira Footballers,3,1,Cantona North,
Spring 2026,Over 40,1,North,2026-04-12,BPK United,6,1,Concord United Masters,
Spring 2026,Over 40,1,North,2026-04-12,Hudson United,0,3,P.A.C. Lowell # review referee,
Spring 2026,Over 40,1,North,2026-04-12,Cantona North,0,0,Shrewsbury,
Spring 2026,Over 40,1,North,2026-04-12,Peabody Sporting Club,1,2,Winchester Safira Footballers,
Spring 2026,Over 40,1,North,2026-04-19,Concord United Masters,1,5,P.A.C. Lowell # review referee,
Spring 2026,Over 40,1,North,2026-04-19,BPK United,2,1,Hudson United,
Spring 2026,Over 40,1,North,2026-04-19,Peabody Sporting Club,4,2,Cantona North,
Spring 2026,Over 40,1,North,2026-04-19,Winchester Safira Footballers,4,0,Shrewsbury,
Spring 2026,Over 40,1,North,2026-04-26,P.A.C. Lowell,1,4,Peabody Sporting Club # review referee,
Spring 2026,Over 40,1,North,2026-04-26,Shrewsbury,3,4,BPK United,
Spring 2026,Over 40,1,North,2026-04-26,Cantona North,2,4,Concord United Masters,
Spring 2026,Over 40,1,North,2026-05-03,Shrewsbury,0,7,P.A.C. Lowell # review referee,
Spring 2026,Over 40,1,North,2026-05-03,Peabody Sporting Club,1,1,BPK United,
Spring 2026,Over 40,1,North,2026-05-03,Winchester Safira Footballers,4,1,Concord United Masters,
Spring 2026,Over 40,1,North,2026-05-03,Cantona North,3,4,Hudson United,
Spring 2026,Over 40,1,North,2026-05-10,Concord United Masters,1,4,Peabody Sporting Club,
Spring 2026,Over 40,1,North,2026-05-10,Hudson United,2,1,Shrewsbury,
Spring 2026,Over 40,1,North,2026-05-10,P.A.C. Lowell,5,2,Cantona North # review referee,
Spring 2026,Over 40,1,North,2026-05-10,BPK United,3,2,Winchester Safira Footballers,
Spring 2026,Over 40,1,North,2026-05-17,Concord United Masters,4,1,Shrewsbury,
Spring 2026,Over 40,1,North,2026-05-17,BPK United,5,0,Cantona North,
Spring 2026,Over 40,1,North,2026-05-17,Peabody Sporting Club,2,1,Hudson United,
Spring 2026,Over 40,1,North,2026-05-24,Hudson United,0,3,Winchester Safira Footballers,
Spring 2026,Over 40,1,North,2026-05-28,P.A.C. Lowell,5,1,BPK United # review referee,
Spring 2026,Over 40,1,North,2026-05-31,P.A.C. Lowell,1,1,Concord United Masters # review referee,
Spring 2026,Over 40,1,North,2026-05-31,Hudson United,2,4,BPK United,
Spring 2026,Over 40,1,North,2026-05-31,Cantona North,0,4,Peabody Sporting Club,
Spring 2026,Over 40,1,North,2026-05-31,Shrewsbury,2,7,Winchester Safira Footballers,
Spring 2026,Over 40,1,North,2026-06-07,Hudson United,1,2,Concord United Masters,
Spring 2026,Over 40,1,North,2026-06-07,BPK United,2,4,P.A.C. Lowell # review referee,
Spring 2026,Over 40,1,North,2026-06-07,Peabody Sporting Club,7,0,Shrewsbury,
Spring 2026,Over 40,1,North,2026-06-10,Shrewsbury,1,3,Peabody Sporting Club,
Spring 2026,Over 40,1,North,2026-06-12,Winchester Safira Footballers,,,P.A.C. Lowell,scheduled
Spring 2026,Over 40,1,North,2026-06-14,Concord United Masters,,,BPK United,scheduled
Spring 2026,Over 40,1,North,2026-06-14,P.A.C. Lowell,,,Hudson United,scheduled
Spring 2026,Over 40,1,North,2026-06-14,Shrewsbury,,,Cantona North,scheduled
Spring 2026,Over 40,1,North,2026-06-14,Winchester Safira Footballers,,,Peabody Sporting Club,scheduled
Spring 2026,Over 40,1,North,2026-06-18,Cantona North,,,Winchester Safira Footballers,scheduled
Spring 2026,Over 40,1,North,2026-06-21,TBD,,,TBD,scheduled
Spring 2026,Over 40,1,North,2026-06-21,TBD,,,TBD,scheduled
Spring 2026,Over 40,1,North,2026-06-28,TBD,,,TBD,scheduled
Spring 2026,Over 40,1,South,2026-04-05,Criciuma Boston,0,1,United International,
Spring 2026,Over 40,1,South,2026-04-05,Stellar FC,2,forfeitNP,Kel Kau Masters,forfeit
Spring 2026,Over 40,1,South,2026-04-05,FFM United,1,2,F C Bayern,
Spring 2026,Over 40,1,South,2026-04-05,Ashland FC,1,1,Fernandes FC 40 # review referee,
Spring 2026,Over 40,1,South,2026-04-12,Kel Kau Masters,3,1,Criciuma Boston,
Spring 2026,Over 40,1,South,2026-04-12,United International,1,0,Stellar FC,
Spring 2026,Over 40,1,South,2026-04-12,Fernandes FC 40,5,4,FFM United,
Spring 2026,Over 40,1,South,2026-04-12,F C Bayern,0,0,Ashland FC # review referee,
Spring 2026,Over 40,1,South,2026-04-19,Criciuma Boston,1,4,Stellar FC,
Spring 2026,Over 40,1,South,2026-04-19,F C Bayern,1,0,Fernandes FC 40,
Spring 2026,Over 40,1,South,2026-04-19,Ashland FC,0,2,FFM United # review referee,
Spring 2026,Over 40,1,South,2026-04-26,United International,2,1,Ashland FC # review referee,
Spring 2026,Over 40,1,South,2026-04-26,Stellar FC,1,1,F C Bayern,
Spring 2026,Over 40,1,South,2026-04-26,FFM United,3,2,Kel Kau Masters,
Spring 2026,Over 40,1,South,2026-04-26,Fernandes FC 40,1,5,Criciuma Boston,
Spring 2026,Over 40,1,South,2026-05-03,FFM United,1,0,Stellar FC,
Spring 2026,Over 40,1,South,2026-05-03,F C Bayern,4,3,Kel Kau Masters,
Spring 2026,Over 40,1,South,2026-05-03,Ashland FC,3,3,Criciuma Boston # review referee,
Spring 2026,Over 40,1,South,2026-05-03,Fernandes FC 40,2,forfeit,United International,forfeit
Spring 2026,Over 40,1,South,2026-05-10,Criciuma Boston,3,5,F C Bayern,
Spring 2026,Over 40,1,South,2026-05-10,United International,2,2,FFM United,
Spring 2026,Over 40,1,South,2026-05-10,Stellar FC,0,0,Fernandes FC 40,
Spring 2026,Over 40,1,South,2026-05-10,Kel Kau Masters,0,0,Ashland FC # review referee,
Spring 2026,Over 40,1,South,2026-05-17,Criciuma Boston,2,6,FFM United,
Spring 2026,Over 40,1,South,2026-05-17,Kel Kau Masters,2,2,Fernandes FC 40,
Spring 2026,Over 40,1,South,2026-05-17,F C Bayern,1,1,United International,
Spring 2026,Over 40,1,South,2026-05-17,Ashland FC,0,1,Stellar FC # review referee,
Spring 2026,Over 40,1,South,2026-05-31,Stellar FC,0,4,Criciuma Boston,
Spring 2026,Over 40,1,South,2026-05-31,United International,1,4,Kel Kau Masters,
Spring 2026,Over 40,1,South,2026-05-31,Fernandes FC 40,2,1,F C Bayern,
Spring 2026,Over 40,1,South,2026-05-31,FFM United,2,2,Ashland FC # review referee,
Spring 2026,Over 40,1,South,2026-06-07,United International,2,3,Criciuma Boston,
Spring 2026,Over 40,1,South,2026-06-07,Kel Kau Masters,2,2,Stellar FC,
Spring 2026,Over 40,1,South,2026-06-07,F C Bayern,2,2,FFM United,
Spring 2026,Over 40,1,South,2026-06-07,Fernandes FC 40,2,0,Ashland FC # review referee,
Spring 2026,Over 40,1,South,2026-06-10,Kel Kau Masters,,,United International,scheduled
Spring 2026,Over 40,1,South,2026-06-14,Criciuma Boston,,,Kel Kau Masters,scheduled
Spring 2026,Over 40,1,South,2026-06-14,Stellar FC,,,United International,scheduled
Spring 2026,Over 40,1,South,2026-06-14,FFM United,,,Fernandes FC 40,scheduled
Spring 2026,Over 40,1,South,2026-06-14,Ashland FC,,,F C Bayern,scheduled
Spring 2026,Over 40,1,South,2026-06-21,TBD,,,TBD,scheduled
Spring 2026,Over 40,1,South,2026-06-21,TBD,,,TBD,scheduled
Spring 2026,Over 40,1,South,2026-06-28,TBD,,,TBD,scheduled
Spring 2026,Over 40,2,North,2026-04-05,Kendall Wanderers,2,4,Melrose Wakefield Meadowlarks,
Spring 2026,Over 40,2,North,2026-04-05,Os Amigos FC,2,forfeitNP,DEA,forfeit
Spring 2026,Over 40,2,North,2026-04-05,Arlington Fossils,2,2,Seacoast United SC # review referee,
Spring 2026,Over 40,2,North,2026-04-05,Charlestown FC,4,1,Marblehead,
Spring 2026,Over 40,2,North,2026-04-12,DEA,2,2,Kendall Wanderers,
Spring 2026,Over 40,2,North,2026-04-12,Melrose Wakefield Meadowlarks,1,2,Os Amigos FC,
Spring 2026,Over 40,2,North,2026-04-12,Marblehead,6,3,Arlington Fossils # review referee,
Spring 2026,Over 40,2,North,2026-04-12,Seacoast United SC,2,3,Charlestown FC,
Spring 2026,Over 40,2,North,2026-04-19,Kendall Wanderers,3,1,Os Amigos FC,
Spring 2026,Over 40,2,North,2026-04-19,DEA,1,4,Melrose Wakefield Meadowlarks,
Spring 2026,Over 40,2,North,2026-04-19,Seacoast United SC,2,forfeitNP,Marblehead,forfeit
Spring 2026,Over 40,2,North,2026-04-26,Melrose Wakefield Meadowlarks,0,3,Charlestown FC,
Spring 2026,Over 40,2,North,2026-04-26,Os Amigos FC,1,1,Seacoast United SC,
Spring 2026,Over 40,2,North,2026-04-26,Marblehead,3,2,Kendall Wanderers,
Spring 2026,Over 40,2,North,2026-05-03,Arlington Fossils,3,2,Os Amigos FC # review referee,
Spring 2026,Over 40,2,North,2026-05-03,Seacoast United SC,6,2,DEA,
Spring 2026,Over 40,2,North,2026-05-03,Charlestown FC,1,0,Kendall Wanderers,
Spring 2026,Over 40,2,North,2026-05-03,Marblehead,1,1,Melrose Wakefield Meadowlarks,
Spring 2026,Over 40,2,North,2026-05-10,Kendall Wanderers,4,0,Seacoast United SC,
Spring 2026,Over 40,2,North,2026-05-10,Melrose Wakefield Meadowlarks,0,2,Arlington Fossils # review referee,
Spring 2026,Over 40,2,North,2026-05-10,Os Amigos FC,1,5,Marblehead,
Spring 2026,Over 40,2,North,2026-05-10,DEA,3,2,Charlestown FC,
Spring 2026,Over 40,2,North,2026-05-17,Kendall Wanderers,3,0,Arlington Fossils # review referee,
Spring 2026,Over 40,2,North,2026-05-17,Seacoast United SC,3,0,Melrose Wakefield Meadowlarks,
Spring 2026,Over 40,2,North,2026-05-17,Charlestown FC,5,0,Os Amigos FC,
Spring 2026,Over 40,2,North,2026-05-21,Charlestown FC,1,2,Arlington Fossils # review referee,
Spring 2026,Over 40,2,North,2026-05-26,Arlington Fossils,1,3,DEA # review referee,
Spring 2026,Over 40,2,North,2026-05-31,Os Amigos FC,3,0,Kendall Wanderers,
Spring 2026,Over 40,2,North,2026-05-31,Melrose Wakefield Meadowlarks,2,forfeit,DEA,forfeit
Spring 2026,Over 40,2,North,2026-05-31,Marblehead forfeit lost by,forfeit,2,Seacoast United SC,forfeit
Spring 2026,Over 40,2,North,2026-05-31,Arlington Fossils,1,3,Charlestown FC # review referee,
Spring 2026,Over 40,2,North,2026-06-07,Melrose Wakefield Meadowlarks,0,0,Kendall Wanderers,
Spring 2026,Over 40,2,North,2026-06-07,DEA,2,1,Os Amigos FC,
Spring 2026,Over 40,2,North,2026-06-07,Seacoast United SC,4,3,Arlington Fossils # review referee,
Spring 2026,Over 40,2,North,2026-06-07,Marblehead,1,4,Charlestown FC,
Spring 2026,Over 40,2,North,2026-06-10,DEA forfeit lost by,forfeit,2,Marblehead,forfeit
Spring 2026,Over 40,2,North,2026-06-14,Kendall Wanderers,,,DEA,scheduled
Spring 2026,Over 40,2,North,2026-06-14,Os Amigos FC,,,Melrose Wakefield Meadowlarks,scheduled
Spring 2026,Over 40,2,North,2026-06-14,Arlington Fossils,,,Marblehead,scheduled
Spring 2026,Over 40,2,North,2026-06-14,Charlestown FC,,,Seacoast United SC,scheduled
Spring 2026,Over 40,2,North,2026-06-21,TBD,,,TBD,scheduled
Spring 2026,Over 40,2,North,2026-06-21,TBD,,,TBD,scheduled
Spring 2026,Over 40,2,North,2026-06-28,TBD,,,TBD,scheduled
Spring 2026,Over 40,2,South,2026-04-05,Newton Brigada,3,1,Celtic Masters,
Spring 2026,Over 40,2,South,2026-04-05,Framingham Persepolis,4,2,Taunton Eagles Soccer Club,
Spring 2026,Over 40,2,South,2026-04-05,Albania United Veterans,3,1,FUFC,
Spring 2026,Over 40,2,South,2026-04-05,Crafty Veterans,4,7,Natick Rovers FC,
Spring 2026,Over 40,2,South,2026-04-12,Taunton Eagles Soccer Club,3,1,Newton Brigada,
Spring 2026,Over 40,2,South,2026-04-12,Celtic Masters,1,3,Framingham Persepolis,
Spring 2026,Over 40,2,South,2026-04-12,Natick Rovers FC forfeit lost by,forfeit,2,Albania United Veterans,forfeit
Spring 2026,Over 40,2,South,2026-04-12,FUFC,4,1,Crafty Veterans,
Spring 2026,Over 40,2,South,2026-04-19,Newton Brigada,1,3,Framingham Persepolis,
Spring 2026,Over 40,2,South,2026-04-19,Taunton Eagles Soccer Club,2,2,Celtic Masters,
Spring 2026,Over 40,2,South,2026-04-19,FUFC,1,2,Natick Rovers FC,
Spring 2026,Over 40,2,South,2026-04-19,Crafty Veterans,2,7,Albania United Veterans,
Spring 2026,Over 40,2,South,2026-04-26,Celtic Masters,2,4,Crafty Veterans,
Spring 2026,Over 40,2,South,2026-04-26,Framingham Persepolis,3,1,FUFC,
Spring 2026,Over 40,2,South,2026-04-26,Albania United Veterans,3,3,Taunton Eagles Soccer Club,
Spring 2026,Over 40,2,South,2026-04-26,Natick Rovers FC,3,0,Newton Brigada,
Spring 2026,Over 40,2,South,2026-05-03,Albania United Veterans,4,2,Framingham Persepolis,
Spring 2026,Over 40,2,South,2026-05-03,FUFC,0,4,Taunton Eagles Soccer Club,
Spring 2026,Over 40,2,South,2026-05-03,Crafty Veterans,1,1,Newton Brigada,
Spring 2026,Over 40,2,South,2026-05-03,Natick Rovers FC,2,0,Celtic Masters,
Spring 2026,Over 40,2,South,2026-05-10,Newton Brigada,3,2,FUFC,
Spring 2026,Over 40,2,South,2026-05-10,Celtic Masters,0,3,Albania United Veterans,
Spring 2026,Over 40,2,South,2026-05-10,Framingham Persepolis,6,2,Natick Rovers FC,
Spring 2026,Over 40,2,South,2026-05-17,Newton Brigada,3,3,Albania United Veterans,
Spring 2026,Over 40,2,South,2026-05-17,Taunton Eagles Soccer Club,2,2,Natick Rovers FC,
Spring 2026,Over 40,2,South,2026-05-17,FUFC,2,3,Celtic Masters,
Spring 2026,Over 40,2,South,2026-05-17,Crafty Veterans,2,0,Framingham Persepolis,
Spring 2026,Over 40,2,South,2026-05-20,Taunton Eagles Soccer Club,1,0,Crafty Veterans,
Spring 2026,Over 40,2,South,2026-05-31,Framingham Persepolis,3,2,Newton Brigada,
Spring 2026,Over 40,2,South,2026-05-31,Celtic Masters,0,4,Taunton Eagles Soccer Club,
Spring 2026,Over 40,2,South,2026-05-31,Natick Rovers FC,4,0,FUFC,
Spring 2026,Over 40,2,South,2026-05-31,Albania United Veterans,7,0,Crafty Veterans,
Spring 2026,Over 40,2,South,2026-06-07,Celtic Masters,3,2,Newton Brigada,
Spring 2026,Over 40,2,South,2026-06-07,Taunton Eagles Soccer Club,2,3,Framingham Persepolis,
Spring 2026,Over 40,2,South,2026-06-07,FUFC,2,4,Albania United Veterans,
Spring 2026,Over 40,2,South,2026-06-07,Natick Rovers FC,2,1,Crafty Veterans,
Spring 2026,Over 40,2,South,2026-06-14,Newton Brigada,,,Taunton Eagles Soccer Club,scheduled
Spring 2026,Over 40,2,South,2026-06-14,Framingham Persepolis,,,Celtic Masters,scheduled
Spring 2026,Over 40,2,South,2026-06-14,Albania United Veterans,,,Natick Rovers FC,scheduled
Spring 2026,Over 40,2,South,2026-06-14,Crafty Veterans,,,FUFC,scheduled
Spring 2026,Over 40,2,South,2026-06-21,TBD,,,TBD,scheduled
Spring 2026,Over 40,2,South,2026-06-21,TBD,,,TBD,scheduled
Spring 2026,Over 40,2,South,2026-06-28,TBD,,,TBD,scheduled
Spring 2026,Over 40,3,North,2026-04-05,Arlington Pond Dawgz,3,1,Lexington Eagles,
Spring 2026,Over 40,3,North,2026-04-05,Lexington Bald Eagles O40,1,2,Windham,
Spring 2026,Over 40,3,North,2026-04-05,Lynnfield FC,3,2,Medford United,
Spring 2026,Over 40,3,North,2026-04-12,Boston White Eagles,2,2,Arlington Pond Dawgz,
Spring 2026,Over 40,3,North,2026-04-12,Lexington Eagles,5,3,Nashua Absolute,
Spring 2026,Over 40,3,North,2026-04-12,Medford United,3,0,Lexington Bald Eagles O40,
Spring 2026,Over 40,3,North,2026-04-12,Windham,2,2,Lynnfield FC,
Spring 2026,Over 40,3,North,2026-04-19,Arlington Pond Dawgz,4,2,Nashua Absolute,
Spring 2026,Over 40,3,North,2026-04-19,Boston White Eagles,2,5,Lexington Eagles,
Spring 2026,Over 40,3,North,2026-04-19,Windham,3,3,Medford United,
Spring 2026,Over 40,3,North,2026-04-19,Lynnfield FC,2,1,Lexington Bald Eagles O40,
Spring 2026,Over 40,3,North,2026-04-26,Lexington Eagles,3,0,Lynnfield FC,
Spring 2026,Over 40,3,North,2026-04-26,Nashua Absolute,3,6,Windham,
Spring 2026,Over 40,3,North,2026-04-26,Lexington Bald Eagles O40,2,1,Boston White Eagles,
Spring 2026,Over 40,3,North,2026-04-26,Medford United,2,0,Arlington Pond Dawgz,
Spring 2026,Over 40,3,North,2026-05-03,Lexington Bald Eagles O40,1,1,Nashua Absolute,
Spring 2026,Over 40,3,North,2026-05-03,Windham,1,2,Boston White Eagles,
Spring 2026,Over 40,3,North,2026-05-03,Lynnfield FC,2,1,Arlington Pond Dawgz,
Spring 2026,Over 40,3,North,2026-05-03,Medford United,1,4,Lexington Eagles,
Spring 2026,Over 40,3,North,2026-05-10,Arlington Pond Dawgz,3,2,Windham,
Spring 2026,Over 40,3,North,2026-05-10,Lexington Eagles,3,1,Lexington Bald Eagles O40,
Spring 2026,Over 40,3,North,2026-05-10,Nashua Absolute,0,2,Medford United,
Spring 2026,Over 40,3,North,2026-05-10,Boston White Eagles,3,2,Lynnfield FC,
Spring 2026,Over 40,3,North,2026-05-17,Arlington Pond Dawgz,2,4,Lexington Bald Eagles O40,
Spring 2026,Over 40,3,North,2026-05-17,Boston White Eagles,3,1,Medford United,
Spring 2026,Over 40,3,North,2026-05-17,Windham,3,2,Lexington Eagles,
Spring 2026,Over 40,3,North,2026-05-17,Lynnfield FC,5,3,Nashua Absolute,
Spring 2026,Over 40,3,North,2026-05-31,Nashua Absolute,1,2,Arlington Pond Dawgz,
Spring 2026,Over 40,3,North,2026-05-31,Lexington Eagles,2,1,Boston White Eagles,
Spring 2026,Over 40,3,North,2026-05-31,Medford United,0,0,Windham,
Spring 2026,Over 40,3,North,2026-05-31,Lexington Bald Eagles O40,2,3,Lynnfield FC,
Spring 2026,Over 40,3,North,2026-06-07,Lexington Eagles,7,0,Arlington Pond Dawgz,
Spring 2026,Over 40,3,North,2026-06-07,Boston White Eagles,3,1,Nashua Absolute,
Spring 2026,Over 40,3,North,2026-06-07,Windham,1,2,Lexington Bald Eagles O40,
Spring 2026,Over 40,3,North,2026-06-07,Medford United,1,1,Lynnfield FC,
Spring 2026,Over 40,3,North,2026-06-14,Arlington Pond Dawgz,,,Boston White Eagles,scheduled
Spring 2026,Over 40,3,North,2026-06-14,Nashua Absolute,,,Lexington Eagles,scheduled
Spring 2026,Over 40,3,North,2026-06-14,Lexington Bald Eagles O40,,,Medford United,scheduled
Spring 2026,Over 40,3,North,2026-06-14,Lynnfield FC,,,Windham,scheduled
Spring 2026,Over 40,3,North,2026-06-21,TBD,,,TBD,scheduled
Spring 2026,Over 40,3,North,2026-06-21,TBD,,,TBD,scheduled
Spring 2026,Over 40,3,North,2026-06-28,TBD,,,TBD,scheduled
Spring 2026,Over 40,3,South,2026-04-05,Chelsea FC,1,1,Vineyard FC,
Spring 2026,Over 40,3,South,2026-04-05,Mansfield United,1,3,Great Woods FC,
Spring 2026,Over 40,3,South,2026-04-05,Medfield FC,5,3,Peru Sports FC,
Spring 2026,Over 40,3,South,2026-04-05,Milton International,4,2,Irish Village Green,
Spring 2026,Over 40,3,South,2026-04-12,Great Woods FC,5,2,Chelsea FC,
Spring 2026,Over 40,3,South,2026-04-12,Vineyard FC,3,1,Mansfield United,
Spring 2026,Over 40,3,South,2026-04-12,Irish Village Green,4,0,Medfield FC,
Spring 2026,Over 40,3,South,2026-04-12,Peru Sports FC,1,7,Milton International,
Spring 2026,Over 40,3,South,2026-04-19,Chelsea FC,3,1,Mansfield United,
Spring 2026,Over 40,3,South,2026-04-19,Great Woods FC,1,4,Vineyard FC,
Spring 2026,Over 40,3,South,2026-04-19,Peru Sports FC,4,1,Irish Village Green,
Spring 2026,Over 40,3,South,2026-04-19,Milton International,1,0,Medfield FC,
Spring 2026,Over 40,3,South,2026-04-26,Vineyard FC,5,5,Milton International,
Spring 2026,Over 40,3,South,2026-04-26,Mansfield United,0,3,Peru Sports FC,
Spring 2026,Over 40,3,South,2026-04-26,Medfield FC,1,2,Great Woods FC,
Spring 2026,Over 40,3,South,2026-04-26,Irish Village Green,4,2,Chelsea FC,
Spring 2026,Over 40,3,South,2026-05-03,Medfield FC,2,1,Mansfield United,
Spring 2026,Over 40,3,South,2026-05-03,Peru Sports FC,1,0,Great Woods FC,
Spring 2026,Over 40,3,South,2026-05-03,Milton International,2,1,Chelsea FC,
Spring 2026,Over 40,3,South,2026-05-03,Irish Village Green,1,3,Vineyard FC,
Spring 2026,Over 40,3,South,2026-05-10,Chelsea FC,1,1,Peru Sports FC,
Spring 2026,Over 40,3,South,2026-05-10,Vineyard FC,2,forfeitNP,Medfield FC,forfeit
Spring 2026,Over 40,3,South,2026-05-10,Mansfield United,0,2,Irish Village Green,
Spring 2026,Over 40,3,South,2026-05-10,Great Woods FC,0,6,Milton International,
Spring 2026,Over 40,3,South,2026-05-17,Chelsea FC,3,5,Medfield FC,
Spring 2026,Over 40,3,South,2026-05-17,Great Woods FC,1,2,Irish Village Green,
Spring 2026,Over 40,3,South,2026-05-17,Peru Sports FC,2,2,Vineyard FC,
Spring 2026,Over 40,3,South,2026-05-17,Milton International,3,3,Mansfield United,
Spring 2026,Over 40,3,South,2026-05-31,Mansfield United,1,2,Chelsea FC,
Spring 2026,Over 40,3,South,2026-05-31,Vineyard FC,4,2,Great Woods FC,
Spring 2026,Over 40,3,South,2026-05-31,Irish Village Green,6,2,Peru Sports FC,
Spring 2026,Over 40,3,South,2026-05-31,Medfield FC,5,2,Milton International,
Spring 2026,Over 40,3,South,2026-06-07,Vineyard FC,3,2,Chelsea FC,
Spring 2026,Over 40,3,South,2026-06-07,Great Woods FC,5,5,Mansfield United,
Spring 2026,Over 40,3,South,2026-06-07,Peru Sports FC,4,2,Medfield FC,
Spring 2026,Over 40,3,South,2026-06-07,Irish Village Green,2,3,Milton International,
Spring 2026,Over 40,3,South,2026-06-14,Chelsea FC,,,Great Woods FC,scheduled
Spring 2026,Over 40,3,South,2026-06-14,Mansfield United,,,Vineyard FC,scheduled
Spring 2026,Over 40,3,South,2026-06-14,Medfield FC,,,Irish Village Green,scheduled
Spring 2026,Over 40,3,South,2026-06-14,Milton International,,,Peru Sports FC,scheduled
Spring 2026,Over 40,3,South,2026-06-21,TBD,,,TBD,scheduled
Spring 2026,Over 40,3,South,2026-06-21,TBD,,,TBD,scheduled
Spring 2026,Over 40,3,South,2026-06-28,TBD,,,TBD,scheduled
Spring 2026,Over 40,4,North,2026-04-05,FC Littleton,5,0,MVFC,
Spring 2026,Over 40,4,North,2026-04-05,Nashoba Masters,1,6,Hopkinton Hotspur,
Spring 2026,Over 40,4,North,2026-04-05,Sudbury United,2,0,New England International,
Spring 2026,Over 40,4,North,2026-04-12,Hopkinton Hotspur,2,0,FC Littleton,
Spring 2026,Over 40,4,North,2026-04-12,MVFC,1,3,Nashoba Masters,
Spring 2026,Over 40,4,North,2026-04-12,New England International,0,1,Granite Coast F.C.,
Spring 2026,Over 40,4,North,2026-04-12,Hurricane SC,3,1,Sudbury United,
Spring 2026,Over 40,4,North,2026-04-19,FC Littleton,2,2,Nashoba Masters,
Spring 2026,Over 40,4,North,2026-04-19,Hopkinton Hotspur,4,1,MVFC,
Spring 2026,Over 40,4,North,2026-04-19,Hurricane SC,2,2,New England International,
Spring 2026,Over 40,4,North,2026-04-19,Sudbury United,2,4,Granite Coast F.C.,
Spring 2026,Over 40,4,North,2026-04-22,Granite Coast F.C. forfeit lost by,forfeit,2,Hurricane SC,forfeit
Spring 2026,Over 40,4,North,2026-04-26,MVFC,5,2,Sudbury United,
Spring 2026,Over 40,4,North,2026-04-26,Nashoba Masters,4,0,Hurricane SC,
Spring 2026,Over 40,4,North,2026-04-26,Granite Coast F.C.,0,2,Hopkinton Hotspur,
Spring 2026,Over 40,4,North,2026-04-26,New England International,4,0,FC Littleton,
Spring 2026,Over 40,4,North,2026-05-03,Granite Coast F.C.,6,0,Nashoba Masters,
Spring 2026,Over 40,4,North,2026-05-03,Hurricane SC,2,0,Hopkinton Hotspur,
Spring 2026,Over 40,4,North,2026-05-03,Sudbury United,2,2,FC Littleton,
Spring 2026,Over 40,4,North,2026-05-03,New England International,3,3,MVFC,
Spring 2026,Over 40,4,North,2026-05-10,FC Littleton,0,3,Hurricane SC,
Spring 2026,Over 40,4,North,2026-05-10,MVFC,0,2,Granite Coast F.C.,
Spring 2026,Over 40,4,North,2026-05-10,Nashoba Masters,0,0,New England International,
Spring 2026,Over 40,4,North,2026-05-10,Hopkinton Hotspur,2,1,Sudbury United,
Spring 2026,Over 40,4,North,2026-05-17,FC Littleton,0,1,Granite Coast F.C.,
Spring 2026,Over 40,4,North,2026-05-17,Hopkinton Hotspur,1,1,New England International,
Spring 2026,Over 40,4,North,2026-05-17,Hurricane SC,2,0,MVFC,
Spring 2026,Over 40,4,North,2026-05-17,Sudbury United,0,4,Nashoba Masters,
Spring 2026,Over 40,4,North,2026-05-31,Nashoba Masters,1,1,FC Littleton,
Spring 2026,Over 40,4,North,2026-05-31,MVFC,1,4,Hopkinton Hotspur,
Spring 2026,Over 40,4,North,2026-05-31,New England International,1,1,Hurricane SC,
Spring 2026,Over 40,4,North,2026-05-31,Granite Coast F.C.,8,0,Sudbury United,
Spring 2026,Over 40,4,North,2026-06-07,MVFC,1,1,FC Littleton,
Spring 2026,Over 40,4,North,2026-06-07,Hopkinton Hotspur,0,1,Nashoba Masters,
Spring 2026,Over 40,4,North,2026-06-07,Hurricane SC,0,2,Granite Coast F.C.,
Spring 2026,Over 40,4,North,2026-06-07,New England International,0,2,Sudbury United,
Spring 2026,Over 40,4,North,2026-06-14,FC Littleton,,,Hopkinton Hotspur,scheduled
Spring 2026,Over 40,4,North,2026-06-14,Nashoba Masters,,,MVFC,scheduled
Spring 2026,Over 40,4,North,2026-06-14,Granite Coast F.C.,,,New England International,scheduled
Spring 2026,Over 40,4,North,2026-06-14,Sudbury United,,,Hurricane SC,scheduled
Spring 2026,Over 40,4,North,2026-06-21,TBD,,,TBD,scheduled
Spring 2026,Over 40,4,North,2026-06-21,TBD,,,TBD,scheduled
Spring 2026,Over 40,4,North,2026-06-28,TBD,,,TBD,scheduled
Spring 2026,Over 40,4,South,2026-04-05,Wayland Wahoo,4,1,West Roxbury United,
Spring 2026,Over 40,4,South,2026-04-05,FC Franklin,4,1,Medway,
Spring 2026,Over 40,4,South,2026-04-05,FC Needham United,0,3,Cabo Verde FC,
Spring 2026,Over 40,4,South,2026-04-05,FIMA FC,6,0,Newport FC O40,
Spring 2026,Over 40,4,South,2026-04-12,Medway,3,0,Wayland Wahoo,
Spring 2026,Over 40,4,South,2026-04-12,West Roxbury United,0,4,FC Franklin,
Spring 2026,Over 40,4,South,2026-04-12,Newport FC O40,1,1,FC Needham United,
Spring 2026,Over 40,4,South,2026-04-12,Cabo Verde FC,2,1,FIMA FC,
Spring 2026,Over 40,4,South,2026-04-19,Wayland Wahoo,4,2,FC Franklin,
Spring 2026,Over 40,4,South,2026-04-19,Medway,2,1,West Roxbury United,
Spring 2026,Over 40,4,South,2026-04-19,Cabo Verde FC,2,1,Newport FC O40,
Spring 2026,Over 40,4,South,2026-04-19,FIMA FC,3,0,FC Needham United,
Spring 2026,Over 40,4,South,2026-04-26,West Roxbury United,2,1,FIMA FC,
Spring 2026,Over 40,4,South,2026-04-26,FC Franklin,2,3,Cabo Verde FC,
Spring 2026,Over 40,4,South,2026-04-26,FC Needham United,3,2,Medway,
Spring 2026,Over 40,4,South,2026-04-26,Newport FC O40,3,1,Wayland Wahoo,
Spring 2026,Over 40,4,South,2026-05-03,FC Needham United,1,2,FC Franklin,
Spring 2026,Over 40,4,South,2026-05-03,Cabo Verde FC,3,0,Medway,
Spring 2026,Over 40,4,South,2026-05-03,FIMA FC,2,1,Wayland Wahoo,
Spring 2026,Over 40,4,South,2026-05-03,Newport FC O40,1,1,West Roxbury United,
Spring 2026,Over 40,4,South,2026-05-10,Wayland Wahoo,0,4,Cabo Verde FC,
Spring 2026,Over 40,4,South,2026-05-10,West Roxbury United,0,2,FC Needham United,
Spring 2026,Over 40,4,South,2026-05-10,FC Franklin,3,1,Newport FC O40,
Spring 2026,Over 40,4,South,2026-05-10,Medway,0,2,FIMA FC,
Spring 2026,Over 40,4,South,2026-05-17,Wayland Wahoo,4,1,FC Needham United,
Spring 2026,Over 40,4,South,2026-05-17,Medway,0,4,Newport FC O40,
Spring 2026,Over 40,4,South,2026-05-17,Cabo Verde FC,2,0,West Roxbury United,
Spring 2026,Over 40,4,South,2026-05-17,FIMA FC,4,1,FC Franklin,
Spring 2026,Over 40,4,South,2026-05-31,FC Franklin,1,1,Wayland Wahoo,
Spring 2026,Over 40,4,South,2026-05-31,West Roxbury United,2,1,Medway,
Spring 2026,Over 40,4,South,2026-05-31,Newport FC O40,2,1,Cabo Verde FC,
Spring 2026,Over 40,4,South,2026-05-31,FC Needham United,2,3,FIMA FC,
Spring 2026,Over 40,4,South,2026-06-07,West Roxbury United,2,1,Wayland Wahoo,
Spring 2026,Over 40,4,South,2026-06-07,Medway,1,4,FC Franklin,
Spring 2026,Over 40,4,South,2026-06-07,Cabo Verde FC,5,3,FC Needham United,
Spring 2026,Over 40,4,South,2026-06-07,Newport FC O40,1,0,FIMA FC,
Spring 2026,Over 40,4,South,2026-06-14,Wayland Wahoo,,,Medway,scheduled
Spring 2026,Over 40,4,South,2026-06-14,FC Franklin,,,West Roxbury United,scheduled
Spring 2026,Over 40,4,South,2026-06-14,FC Needham United,,,Newport FC O40,scheduled
Spring 2026,Over 40,4,South,2026-06-14,FIMA FC,,,Cabo Verde FC,scheduled
Spring 2026,Over 40,4,South,2026-06-21,TBD,,,TBD,scheduled
Spring 2026,Over 40,4,South,2026-06-21,TBD,,,TBD,scheduled
Spring 2026,Over 40,4,South,2026-06-28,TBD,,,TBD,scheduled
Spring 2026,Over 40,5,North,2026-04-04,Acton-Boxboro United,2,0,Rebels,
Spring 2026,Over 40,5,North,2026-04-05,Dirty Groton Scoundrels,3,3,FC Newburyport Brew,
Spring 2026,Over 40,5,North,2026-04-05,Wen Ham United FC,3,2,Bristol FC,
Spring 2026,Over 40,5,North,2026-04-12,Rebels,1,2,Dirty Groton Scoundrels,
Spring 2026,Over 40,5,North,2026-04-12,Wahooligans FC,0,3,Wen Ham United FC,
Spring 2026,Over 40,5,North,2026-04-12,Bristol FC,0,1,FC Old Skool,
Spring 2026,Over 40,5,North,2026-04-19,Acton-Boxboro United,6,1,Dirty Groton Scoundrels,
Spring 2026,Over 40,5,North,2026-04-19,FC Newburyport Brew,0,1,Rebels,
Spring 2026,Over 40,5,North,2026-04-19,Bristol FC,7,2,Wahooligans FC,
Spring 2026,Over 40,5,North,2026-04-19,FC Old Skool,2,1,Wen Ham United FC,
Spring 2026,Over 40,5,North,2026-04-26,Rebels,2,2,FC Old Skool,
Spring 2026,Over 40,5,North,2026-04-26,Dirty Groton Scoundrels,0,3,Bristol FC,
Spring 2026,Over 40,5,North,2026-04-26,Wen Ham United FC,1,0,FC Newburyport Brew,
Spring 2026,Over 40,5,North,2026-04-26,Wahooligans FC,1,1,Acton-Boxboro United,
Spring 2026,Over 40,5,North,2026-05-03,Wen Ham United FC,4,3,Dirty Groton Scoundrels,
Spring 2026,Over 40,5,North,2026-05-03,Bristol FC,7,0,FC Newburyport Brew,
Spring 2026,Over 40,5,North,2026-05-03,FC Old Skool,3,0,Acton-Boxboro United,
Spring 2026,Over 40,5,North,2026-05-03,Wahooligans FC,1,1,Rebels,
Spring 2026,Over 40,5,North,2026-05-10,Acton-Boxboro United,1,2,Bristol FC,
Spring 2026,Over 40,5,North,2026-05-10,Rebels,0,0,Wen Ham United FC,
Spring 2026,Over 40,5,North,2026-05-10,Dirty Groton Scoundrels,1,2,Wahooligans FC,
Spring 2026,Over 40,5,North,2026-05-10,FC Newburyport Brew,1,3,FC Old Skool,
Spring 2026,Over 40,5,North,2026-05-17,Acton-Boxboro United,1,3,Wen Ham United FC,
Spring 2026,Over 40,5,North,2026-05-17,FC Newburyport Brew,1,5,Wahooligans FC,
Spring 2026,Over 40,5,North,2026-05-17,Bristol FC,4,0,Rebels,
Spring 2026,Over 40,5,North,2026-05-17,FC Old Skool,2,4,Dirty Groton Scoundrels,
Spring 2026,Over 40,5,North,2026-05-31,Dirty Groton Scoundrels,5,3,Acton-Boxboro United,
Spring 2026,Over 40,5,North,2026-05-31,Rebels,4,2,FC Newburyport Brew,
Spring 2026,Over 40,5,North,2026-05-31,Wahooligans FC,2,7,Bristol FC,
Spring 2026,Over 40,5,North,2026-05-31,Wen Ham United FC,2,1,FC Old Skool,
Spring 2026,Over 40,5,North,2026-06-03,FC Old Skool,5,2,Wahooligans FC,
Spring 2026,Over 40,5,North,2026-06-07,Rebels,6,0,Acton-Boxboro United,
Spring 2026,Over 40,5,North,2026-06-07,FC Newburyport Brew,1,3,Dirty Groton Scoundrels,
Spring 2026,Over 40,5,North,2026-06-07,Bristol FC,5,0,Wen Ham United FC,
Spring 2026,Over 40,5,North,2026-06-07,Wahooligans FC,1,3,FC Old Skool,
Spring 2026,Over 40,5,North,2026-06-10,FC Newburyport Brew,,,Acton-Boxboro United,scheduled
Spring 2026,Over 40,5,North,2026-06-14,Acton-Boxboro United,,,FC Newburyport Brew,scheduled
Spring 2026,Over 40,5,North,2026-06-14,Dirty Groton Scoundrels,,,Rebels,scheduled
Spring 2026,Over 40,5,North,2026-06-14,Wen Ham United FC,,,Wahooligans FC,scheduled
Spring 2026,Over 40,5,North,2026-06-14,FC Old Skool,,,Bristol FC,scheduled
Spring 2026,Over 40,5,North,2026-06-21,TBD,,,TBD,scheduled
Spring 2026,Over 40,5,North,2026-06-21,TBD,,,TBD,scheduled
Spring 2026,Over 40,5,North,2026-06-28,TBD,,,TBD,scheduled
Spring 2026,Over 40,5,South,2026-04-04,Medfield,2,2,FC Franklin II,
Spring 2026,Over 40,5,South,2026-04-05,FC Walpole,4,0,Hogs FC,
Spring 2026,Over 40,5,South,2026-04-05,Irish Village White,3,3,HTK FC,
Spring 2026,Over 40,5,South,2026-04-12,Canary Square Veterans,1,1,FC Walpole,
Spring 2026,Over 40,5,South,2026-04-12,Hogs FC,1,1,Milton FC,
Spring 2026,Over 40,5,South,2026-04-12,HTK FC,1,0,Medfield,
Spring 2026,Over 40,5,South,2026-04-12,FC Franklin II,1,2,Irish Village White,
Spring 2026,Over 40,5,South,2026-04-19,FC Walpole,3,1,Milton FC,
Spring 2026,Over 40,5,South,2026-04-19,Canary Square Veterans,0,2,Hogs FC,
Spring 2026,Over 40,5,South,2026-04-19,FC Franklin II,7,3,HTK FC,
Spring 2026,Over 40,5,South,2026-04-19,Irish Village White,1,5,Medfield,
Spring 2026,Over 40,5,South,2026-04-26,Hogs FC,3,2,Irish Village White,
Spring 2026,Over 40,5,South,2026-04-26,Milton FC,3,2,FC Franklin II,
Spring 2026,Over 40,5,South,2026-04-26,Medfield,6,0,Canary Square Veterans,
Spring 2026,Over 40,5,South,2026-04-26,HTK FC,0,2,FC Walpole,
Spring 2026,Over 40,5,South,2026-05-03,Medfield,3,3,Milton FC,
Spring 2026,Over 40,5,South,2026-05-03,FC Franklin II,2,2,Canary Square Veterans,
Spring 2026,Over 40,5,South,2026-05-03,Irish Village White,2,2,FC Walpole,
Spring 2026,Over 40,5,South,2026-05-03,HTK FC,0,0,Hogs FC,
Spring 2026,Over 40,5,South,2026-05-10,FC Walpole,4,0,FC Franklin II,
Spring 2026,Over 40,5,South,2026-05-10,Hogs FC,1,2,Medfield,
Spring 2026,Over 40,5,South,2026-05-10,Milton FC,1,3,HTK FC,
Spring 2026,Over 40,5,South,2026-05-10,Canary Square Veterans,1,3,Irish Village White,
Spring 2026,Over 40,5,South,2026-05-17,FC Walpole,2,2,Medfield,
Spring 2026,Over 40,5,South,2026-05-17,Canary Square Veterans,1,2,HTK FC,
Spring 2026,Over 40,5,South,2026-05-17,FC Franklin II,2,1,Hogs FC,
Spring 2026,Over 40,5,South,2026-05-17,Irish Village White,2,2,Milton FC,
Spring 2026,Over 40,5,South,2026-05-24,Milton FC,4,0,Canary Square Veterans,
Spring 2026,Over 40,5,South,2026-05-31,Milton FC,3,1,FC Walpole,
Spring 2026,Over 40,5,South,2026-05-31,Hogs FC,3,1,Canary Square Veterans,
Spring 2026,Over 40,5,South,2026-05-31,HTK FC,0,1,FC Franklin II,
Spring 2026,Over 40,5,South,2026-05-31,Medfield,3,2,Irish Village White,
Spring 2026,Over 40,5,South,2026-06-07,Hogs FC,2,2,FC Walpole,
Spring 2026,Over 40,5,South,2026-06-07,Canary Square Veterans,1,4,Milton FC,
Spring 2026,Over 40,5,South,2026-06-07,FC Franklin II,0,5,Medfield,
Spring 2026,Over 40,5,South,2026-06-07,HTK FC,4,1,Irish Village White,
Spring 2026,Over 40,5,South,2026-06-14,FC Walpole,,,Canary Square Veterans,scheduled
Spring 2026,Over 40,5,South,2026-06-14,Milton FC,,,Hogs FC,scheduled
Spring 2026,Over 40,5,South,2026-06-14,Medfield,,,HTK FC,scheduled
Spring 2026,Over 40,5,South,2026-06-14,Irish Village White,,,FC Franklin II,scheduled
Spring 2026,Over 40,5,South,2026-06-21,TBD,,,TBD,scheduled
Spring 2026,Over 40,5,South,2026-06-21,TBD,,,TBD,scheduled
Spring 2026,Over 40,5,South,2026-06-28,TBD,,,TBD,scheduled
Spring 2026,Over 40,6,Central,2026-04-05,Island United FC forfeit lost by,forfeit,2,Harvard Blues FC,forfeit
Spring 2026,Over 40,6,Central,2026-04-05,BNFC,1,4,Post-game Nomads,
Spring 2026,Over 40,6,Central,2026-04-05,North Reading FC,0,4,Hampstead Hurricanes,
Spring 2026,Over 40,6,Central,2026-04-12,Post-game Nomads,0,2,Island United FC,
Spring 2026,Over 40,6,Central,2026-04-12,Harvard Blues FC,2,2,BNFC,
Spring 2026,Over 40,6,Central,2026-04-12,Hampstead Hurricanes,2,0,Carlisle FC,
Spring 2026,Over 40,6,Central,2026-04-19,Island United FC,3,1,BNFC,
Spring 2026,Over 40,6,Central,2026-04-19,Post-game Nomads,1,0,Harvard Blues FC,
Spring 2026,Over 40,6,Central,2026-04-19,North Reading FC,1,3,Carlisle FC,
Spring 2026,Over 40,6,Central,2026-04-26,Harvard Blues FC,0,1,North Reading FC,
Spring 2026,Over 40,6,Central,2026-04-26,Carlisle FC,0,2,Post-game Nomads,
Spring 2026,Over 40,6,Central,2026-04-26,Hampstead Hurricanes,1,3,Island United FC,
Spring 2026,Over 40,6,Central,2026-05-03,Carlisle FC,3,0,BNFC,
Spring 2026,Over 40,6,Central,2026-05-03,North Reading FC,1,1,Island United FC,
Spring 2026,Over 40,6,Central,2026-05-03,Hampstead Hurricanes,3,3,Harvard Blues FC,
Spring 2026,Over 40,6,Central,2026-05-10,Harvard Blues FC,2,0,Carlisle FC,
Spring 2026,Over 40,6,Central,2026-05-10,BNFC,0,8,Hampstead Hurricanes,
Spring 2026,Over 40,6,Central,2026-05-10,Post-game Nomads,2,forfeit,North Reading FC,forfeit
Spring 2026,Over 40,6,Central,2026-05-17,Island United FC,8,1,Carlisle FC,
Spring 2026,Over 40,6,Central,2026-05-17,Post-game Nomads,1,1,Hampstead Hurricanes,
Spring 2026,Over 40,6,Central,2026-05-17,North Reading FC,4,1,BNFC,
Spring 2026,Over 40,6,Central,2026-05-31,BNFC,0,16,Island United FC,
Spring 2026,Over 40,6,Central,2026-05-31,Harvard Blues FC,2,4,Post-game Nomads,
Spring 2026,Over 40,6,Central,2026-05-31,Carlisle FC,1,2,North Reading FC,
Spring 2026,Over 40,6,Central,2026-06-07,Harvard Blues FC,1,8,Island United FC,
Spring 2026,Over 40,6,Central,2026-06-07,Post-game Nomads,2,forfeit,BNFC,forfeit
Spring 2026,Over 40,6,Central,2026-06-07,Hampstead Hurricanes,4,3,North Reading FC,
Spring 2026,Over 40,6,Central,2026-06-14,Island United FC,,,Post-game Nomads,scheduled
Spring 2026,Over 40,6,Central,2026-06-14,BNFC,,,Harvard Blues FC,scheduled
Spring 2026,Over 40,6,Central,2026-06-14,Carlisle FC,,,Hampstead Hurricanes,scheduled
Spring 2026,Over 40,6,Central,2026-06-21,TBD,,,TBD,scheduled
Spring 2026,Over 40,6,Central,2026-06-21,TBD,,,TBD,scheduled
Spring 2026,Over 40,6,Central,2026-06-28,TBD,,,TBD,scheduled
Spring 2026,Over 48,1,North,2026-04-05,Marblehead,0,2,Danvers - True Soccer FC,
Spring 2026,Over 48,1,North,2026-04-05,Stoneham Spartans Over 48,4,1,Westford FC,
Spring 2026,Over 48,1,North,2026-04-05,DEA,2,0,Nashoba,
Spring 2026,Over 48,1,North,2026-04-05,FC Boxford,0,4,Concord United,
Spring 2026,Over 48,1,North,2026-04-12,Westford FC,1,2,Marblehead,
Spring 2026,Over 48,1,North,2026-04-12,Danvers - True Soccer FC,2,3,Stoneham Spartans Over 48,
Spring 2026,Over 48,1,North,2026-04-12,Concord United,3,1,DEA,
Spring 2026,Over 48,1,North,2026-04-12,Nashoba,1,2,FC Boxford,
Spring 2026,Over 48,1,North,2026-04-19,Marblehead,0,7,Stoneham Spartans Over 48,
Spring 2026,Over 48,1,North,2026-04-19,Westford FC,2,3,Danvers - True Soccer FC,
Spring 2026,Over 48,1,North,2026-04-19,Nashoba,0,2,Concord United,
Spring 2026,Over 48,1,North,2026-04-19,FC Boxford,0,6,DEA,
Spring 2026,Over 48,1,North,2026-04-26,Danvers - True Soccer FC,4,1,FC Boxford,
Spring 2026,Over 48,1,North,2026-04-26,Stoneham Spartans Over 48,6,0,Nashoba,
Spring 2026,Over 48,1,North,2026-04-26,DEA,2,1,Westford FC,
Spring 2026,Over 48,1,North,2026-04-26,Concord United,2,0,Marblehead,
Spring 2026,Over 48,1,North,2026-05-03,DEA,0,3,Stoneham Spartans Over 48,
Spring 2026,Over 48,1,North,2026-05-03,Nashoba,0,2,Westford FC,
Spring 2026,Over 48,1,North,2026-05-03,FC Boxford,1,4,Marblehead,
Spring 2026,Over 48,1,North,2026-05-03,Concord United,1,0,Danvers - True Soccer FC,
Spring 2026,Over 48,1,North,2026-05-10,Marblehead,2,forfeit,Nashoba,forfeit
Spring 2026,Over 48,1,North,2026-05-10,Danvers - True Soccer FC,0,0,DEA,
Spring 2026,Over 48,1,North,2026-05-10,Stoneham Spartans Over 48,3,2,Concord United,
Spring 2026,Over 48,1,North,2026-05-10,Westford FC,2,3,FC Boxford,
Spring 2026,Over 48,1,North,2026-05-17,Marblehead,5,2,DEA,
Spring 2026,Over 48,1,North,2026-05-17,Westford FC,1,3,Concord United,
Spring 2026,Over 48,1,North,2026-05-17,Nashoba,6,4,Danvers - True Soccer FC,
Spring 2026,Over 48,1,North,2026-05-17,FC Boxford,1,9,Stoneham Spartans Over 48,
Spring 2026,Over 48,1,North,2026-05-31,Stoneham Spartans Over 48,3,3,Marblehead,
Spring 2026,Over 48,1,North,2026-05-31,Danvers - True Soccer FC,2,2,Westford FC,
Spring 2026,Over 48,1,North,2026-05-31,Concord United,2,0,Nashoba,
Spring 2026,Over 48,1,North,2026-05-31,DEA,1,1,FC Boxford,
Spring 2026,Over 48,1,North,2026-06-07,Danvers - True Soccer FC,1,1,Marblehead,
Spring 2026,Over 48,1,North,2026-06-07,Westford FC,1,7,Stoneham Spartans Over 48,
Spring 2026,Over 48,1,North,2026-06-07,Nashoba,3,3,DEA,
Spring 2026,Over 48,1,North,2026-06-07,Concord United,2,forfeitNP,FC Boxford,forfeit
Spring 2026,Over 48,1,North,2026-06-14,Marblehead,,,Westford FC,scheduled
Spring 2026,Over 48,1,North,2026-06-14,Stoneham Spartans Over 48,,,Danvers - True Soccer FC,scheduled
Spring 2026,Over 48,1,North,2026-06-14,DEA,,,Concord United,scheduled
Spring 2026,Over 48,1,North,2026-06-14,FC Boxford,,,Nashoba,scheduled
Spring 2026,Over 48,1,North,2026-06-21,TBD,,,TBD,scheduled
Spring 2026,Over 48,1,North,2026-06-21,TBD,,,TBD,scheduled
Spring 2026,Over 48,1,North,2026-06-28,TBD,,,TBD,scheduled
Spring 2026,Over 48,1,South,2026-04-05,Sudbury AC,1,2,Crafty Veterans,
Spring 2026,Over 48,1,South,2026-04-05,Hopkinton Hotspur o48's,3,3,Jamaica Plain FC 48,
Spring 2026,Over 48,1,South,2026-04-05,Shake-Shake FC Seniors,4,1,Rovers FC o48,
Spring 2026,Over 48,1,South,2026-04-12,Kel Kau,7,0,Sudbury AC,
Spring 2026,Over 48,1,South,2026-04-12,Crafty Veterans,3,0,FC Franklin O50,
Spring 2026,Over 48,1,South,2026-04-12,Rovers FC o48,4,1,Hopkinton Hotspur o48's,
Spring 2026,Over 48,1,South,2026-04-12,Jamaica Plain FC 48,1,3,Shake-Shake FC Seniors,
Spring 2026,Over 48,1,South,2026-04-19,Sudbury AC,8,1,FC Franklin O50,
Spring 2026,Over 48,1,South,2026-04-19,Kel Kau,2,2,Crafty Veterans,
Spring 2026,Over 48,1,South,2026-04-19,Jamaica Plain FC 48,1,1,Rovers FC o48,
Spring 2026,Over 48,1,South,2026-04-19,Shake-Shake FC Seniors,8,4,Hopkinton Hotspur o48's,
Spring 2026,Over 48,1,South,2026-04-26,FC Franklin O50,0,3,Jamaica Plain FC 48,
Spring 2026,Over 48,1,South,2026-04-26,Hopkinton Hotspur o48's,2,8,Kel Kau,
Spring 2026,Over 48,1,South,2026-04-26,Rovers FC o48,4,1,Sudbury AC,
Spring 2026,Over 48,1,South,2026-05-03,Hopkinton Hotspur o48's,5,3,FC Franklin O50,
Spring 2026,Over 48,1,South,2026-05-03,Jamaica Plain FC 48,0,4,Kel Kau,
Spring 2026,Over 48,1,South,2026-05-03,Shake-Shake FC Seniors,3,2,Sudbury AC,
Spring 2026,Over 48,1,South,2026-05-03,Rovers FC o48,5,0,Crafty Veterans,
Spring 2026,Over 48,1,South,2026-05-10,Sudbury AC,3,3,Jamaica Plain FC 48,
Spring 2026,Over 48,1,South,2026-05-10,Crafty Veterans,1,1,Hopkinton Hotspur o48's,
Spring 2026,Over 48,1,South,2026-05-10,FC Franklin O50,2,5,Rovers FC o48,
Spring 2026,Over 48,1,South,2026-05-10,Kel Kau,7,3,Shake-Shake FC Seniors,
Spring 2026,Over 48,1,South,2026-05-17,Sudbury AC,4,2,Hopkinton Hotspur o48's,
Spring 2026,Over 48,1,South,2026-05-17,Kel Kau,3,2,Rovers FC o48,
Spring 2026,Over 48,1,South,2026-05-17,Jamaica Plain FC 48,3,3,Crafty Veterans,
Spring 2026,Over 48,1,South,2026-05-17,Shake-Shake FC Seniors,5,0,FC Franklin O50,
Spring 2026,Over 48,1,South,2026-05-24,Crafty Veterans,1,0,Shake-Shake FC Seniors,
Spring 2026,Over 48,1,South,2026-05-27,FC Franklin O50,1,4,Kel Kau,
Spring 2026,Over 48,1,South,2026-05-31,FC Franklin O50,0,2,Sudbury AC,
Spring 2026,Over 48,1,South,2026-05-31,Crafty Veterans,0,1,Kel Kau,
Spring 2026,Over 48,1,South,2026-05-31,Rovers FC o48,1,1,Jamaica Plain FC 48,
Spring 2026,Over 48,1,South,2026-05-31,Hopkinton Hotspur o48's,2,2,Shake-Shake FC Seniors,
Spring 2026,Over 48,1,South,2026-06-07,Crafty Veterans,3,1,Sudbury AC,
Spring 2026,Over 48,1,South,2026-06-07,Kel Kau,2,forfeitNP,FC Franklin O50,forfeit
Spring 2026,Over 48,1,South,2026-06-07,Jamaica Plain FC 48,4,3,Hopkinton Hotspur o48's,
Spring 2026,Over 48,1,South,2026-06-07,Rovers FC o48,5,4,Shake-Shake FC Seniors,
Spring 2026,Over 48,1,South,2026-06-14,Sudbury AC,,,Kel Kau,scheduled
Spring 2026,Over 48,1,South,2026-06-14,FC Franklin O50,,,Crafty Veterans,scheduled
Spring 2026,Over 48,1,South,2026-06-14,Hopkinton Hotspur o48's,,,Rovers FC o48,scheduled
Spring 2026,Over 48,1,South,2026-06-14,Shake-Shake FC Seniors,2,forfeitNP,Jamaica Plain FC 48,forfeit
Spring 2026,Over 48,1,South,2026-06-21,TBD,,,TBD,scheduled
Spring 2026,Over 48,1,South,2026-06-21,TBD,,,TBD,scheduled
Spring 2026,Over 48,1,South,2026-06-28,TBD,,,TBD,scheduled
Spring 2026,Over 48,2,North,2026-04-05,Medford United II,0,7,Winchester Town Fifties,
Spring 2026,Over 48,2,North,2026-04-05,Hurricanes SC,1,5,Shrewsbury Wanderers,
Spring 2026,Over 48,2,North,2026-04-05,Westford O48 PAC Lowell,1,3,NH Freedom,
Spring 2026,Over 48,2,North,2026-04-12,Shrewsbury Wanderers,6,0,Medford United II,
Spring 2026,Over 48,2,North,2026-04-12,Winchester Town Fifties,5,0,Hurricanes SC,
Spring 2026,Over 48,2,North,2026-04-12,North Andover FC O48,2,3,Westford O48 PAC Lowell,
Spring 2026,Over 48,2,North,2026-04-12,NH Freedom,2,1,Lexington Eagles,
Spring 2026,Over 48,2,North,2026-04-19,Medford United II,3,0,Hurricanes SC,
Spring 2026,Over 48,2,North,2026-04-19,Shrewsbury Wanderers,5,2,Winchester Town Fifties,
Spring 2026,Over 48,2,North,2026-04-19,NH Freedom,3,0,North Andover FC O48,
Spring 2026,Over 48,2,North,2026-04-19,Lexington Eagles,4,4,Westford O48 PAC Lowell,
Spring 2026,Over 48,2,North,2026-04-26,Winchester Town Fifties,3,2,Lexington Eagles,
Spring 2026,Over 48,2,North,2026-04-26,Hurricanes SC,3,5,NH Freedom,
Spring 2026,Over 48,2,North,2026-04-26,Westford O48 PAC Lowell,2,6,Shrewsbury Wanderers,
Spring 2026,Over 48,2,North,2026-04-26,North Andover FC O48,1,0,Medford United II,
Spring 2026,Over 48,2,North,2026-05-03,Westford O48 PAC Lowell,4,1,Hurricanes SC,
Spring 2026,Over 48,2,North,2026-05-03,NH Freedom,1,1,Shrewsbury Wanderers,
Spring 2026,Over 48,2,North,2026-05-03,Lexington Eagles,2,1,Medford United II,
Spring 2026,Over 48,2,North,2026-05-03,North Andover FC O48,0,4,Winchester Town Fifties,
Spring 2026,Over 48,2,North,2026-05-10,Medford United II,1,7,NH Freedom,
Spring 2026,Over 48,2,North,2026-05-10,Winchester Town Fifties,6,0,Westford O48 PAC Lowell,
Spring 2026,Over 48,2,North,2026-05-10,Hurricanes SC,2,forfeitNP,North Andover FC O48,forfeit
Spring 2026,Over 48,2,North,2026-05-10,Shrewsbury Wanderers,2,forfeit,Lexington Eagles,forfeit
Spring 2026,Over 48,2,North,2026-05-17,Medford United II,3,0,Westford O48 PAC Lowell,
Spring 2026,Over 48,2,North,2026-05-17,Shrewsbury Wanderers,2,forfeit,North Andover FC O48,forfeit
Spring 2026,Over 48,2,North,2026-05-17,NH Freedom,7,2,Winchester Town Fifties,
Spring 2026,Over 48,2,North,2026-05-17,Lexington Eagles,1,1,Hurricanes SC,
Spring 2026,Over 48,2,North,2026-05-29,Lexington Eagles,4,1,North Andover FC O48,
Spring 2026,Over 48,2,North,2026-05-31,Hurricanes SC,1,2,Medford United II,
Spring 2026,Over 48,2,North,2026-05-31,Winchester Town Fifties,1,1,Shrewsbury Wanderers,
Spring 2026,Over 48,2,North,2026-05-31,North Andover FC O48,2,4,NH Freedom,
Spring 2026,Over 48,2,North,2026-05-31,Westford O48 PAC Lowell,2,3,Lexington Eagles,
Spring 2026,Over 48,2,North,2026-06-07,Winchester Town Fifties,5,3,Medford United II,
Spring 2026,Over 48,2,North,2026-06-07,Shrewsbury Wanderers,2,0,Hurricanes SC,
Spring 2026,Over 48,2,North,2026-06-07,NH Freedom,4,3,Westford O48 PAC Lowell,
Spring 2026,Over 48,2,North,2026-06-07,North Andover FC O48,1,2,Lexington Eagles,
Spring 2026,Over 48,2,North,2026-06-14,Medford United II,,,Shrewsbury Wanderers,scheduled
Spring 2026,Over 48,2,North,2026-06-14,Hurricanes SC,,,Winchester Town Fifties,scheduled
Spring 2026,Over 48,2,North,2026-06-14,Westford O48 PAC Lowell,,,North Andover FC O48,scheduled
Spring 2026,Over 48,2,North,2026-06-14,Lexington Eagles,,,NH Freedom,scheduled
Spring 2026,Over 48,2,North,2026-06-21,Fernandes FC O50,,,TBD,scheduled
Spring 2026,Over 48,2,North,2026-06-21,TBD,,,TBD,scheduled
Spring 2026,Over 48,2,North,2026-06-28,TBD,,,TBD,scheduled
Spring 2026,Over 48,2,South,2026-04-04,Fernandes FC O50,4,0,Wayland wahootoo # review referee,
Spring 2026,Over 48,2,South,2026-04-05,Albanian United Veterans,1,1,Western Mass Lusitano,
Spring 2026,Over 48,2,South,2026-04-05,FIMA FC O50,1,4,Irish Village 48,
Spring 2026,Over 48,2,South,2026-04-12,Western Mass Lusitano,0,6,Fernandes FC O50,
Spring 2026,Over 48,2,South,2026-04-12,Wayland wahootoo,4,4,Albanian United Veterans # review referee,
Spring 2026,Over 48,2,South,2026-04-12,Irish Village 48,4,2,Taunton Eagles,
Spring 2026,Over 48,2,South,2026-04-12,United Intl FC,3,1,FIMA FC O50,
Spring 2026,Over 48,2,South,2026-04-19,Fernandes FC O50,8,1,Albanian United Veterans,
Spring 2026,Over 48,2,South,2026-04-19,Western Mass Lusitano,0,5,Wayland wahootoo # review referee,
Spring 2026,Over 48,2,South,2026-04-19,United Intl FC,3,2,Irish Village 48,
Spring 2026,Over 48,2,South,2026-04-19,FIMA FC O50,1,7,Taunton Eagles,
Spring 2026,Over 48,2,South,2026-04-26,Wayland wahootoo,2,forfeitNP,FIMA FC O50 # review referee,forfeit
Spring 2026,Over 48,2,South,2026-04-26,Albanian United Veterans,3,0,United Intl FC,
Spring 2026,Over 48,2,South,2026-04-26,Taunton Eagles,2,2,Western Mass Lusitano,
Spring 2026,Over 48,2,South,2026-04-26,Irish Village 48,2,5,Fernandes FC O50,
Spring 2026,Over 48,2,South,2026-05-03,Taunton Eagles,3,0,Albanian United Veterans,
Spring 2026,Over 48,2,South,2026-05-03,United Intl FC,0,2,Western Mass Lusitano,
Spring 2026,Over 48,2,South,2026-05-03,FIMA FC O50,0,2,Fernandes FC O50,
Spring 2026,Over 48,2,South,2026-05-03,Irish Village 48,2,0,Wayland wahootoo # review referee,
Spring 2026,Over 48,2,South,2026-05-10,Fernandes FC O50,4,1,United Intl FC,
Spring 2026,Over 48,2,South,2026-05-10,Wayland wahootoo,1,1,Taunton Eagles # review referee,
Spring 2026,Over 48,2,South,2026-05-10,Albanian United Veterans,1,2,Irish Village 48,
Spring 2026,Over 48,2,South,2026-05-10,Western Mass Lusitano,2,forfeitNP,FIMA FC O50,forfeit
Spring 2026,Over 48,2,South,2026-05-17,Fernandes FC O50,0,0,Taunton Eagles,
Spring 2026,Over 48,2,South,2026-05-17,Western Mass Lusitano,3,1,Irish Village 48,
Spring 2026,Over 48,2,South,2026-05-17,United Intl FC,1,7,Wayland wahootoo # review referee,
Spring 2026,Over 48,2,South,2026-05-17,FIMA FC O50,4,4,Albanian United Veterans,
Spring 2026,Over 48,2,South,2026-05-25,Taunton Eagles,1,1,United Intl FC,
Spring 2026,Over 48,2,South,2026-05-31,Albanian United Veterans,1,8,Fernandes FC O50,
Spring 2026,Over 48,2,South,2026-05-31,Wayland wahootoo,1,2,Western Mass Lusitano # review referee,
Spring 2026,Over 48,2,South,2026-05-31,Irish Village 48,5,0,United Intl FC,
Spring 2026,Over 48,2,South,2026-05-31,Taunton Eagles,4,3,FIMA FC O50,
Spring 2026,Over 48,2,South,2026-06-07,Wayland wahootoo,1,2,Fernandes FC O50 # review referee,
Spring 2026,Over 48,2,South,2026-06-07,Western Mass Lusitano,2,1,Albanian United Veterans,
Spring 2026,Over 48,2,South,2026-06-07,Irish Village 48,7,0,FIMA FC O50,
Spring 2026,Over 48,2,South,2026-06-14,Fernandes FC O50,,,Western Mass Lusitano,scheduled
Spring 2026,Over 48,2,South,2026-06-14,Albanian United Veterans,,,Wayland wahootoo,scheduled
Spring 2026,Over 48,2,South,2026-06-14,Taunton Eagles,,,Irish Village 48,scheduled
Spring 2026,Over 48,2,South,2026-06-14,FIMA FC O50,,,United Intl FC,scheduled
Spring 2026,Over 48,2,South,2026-06-21,Fernandes FC O50,,,TBD,scheduled
Spring 2026,Over 48,2,South,2026-06-21,TBD,,,TBD,scheduled
Spring 2026,Over 48,2,South,2026-06-28,TBD,,,TBD,scheduled
Spring 2026,Over 48,3,North,2026-04-05,Windham 50s,2,3,Melrose United,
Spring 2026,Over 48,3,North,2026-04-05,Lexington Golden Eagles,1,6,Medford Atomic,
Spring 2026,Over 48,3,North,2026-04-05,FC Older School,3,4,Cantona over 48,
Spring 2026,Over 48,3,North,2026-04-12,Melrose United,6,0,Andover Gold,
Spring 2026,Over 48,3,North,2026-04-12,Lynnfield FC Raiders,5,1,Windham 50s,
Spring 2026,Over 48,3,North,2026-04-12,Cantona over 48,3,1,Lexington Golden Eagles,
Spring 2026,Over 48,3,North,2026-04-12,Medford Atomic,4,1,FC Older School,
Spring 2026,Over 48,3,North,2026-04-19,Andover Gold,2,1,Windham 50s,
Spring 2026,Over 48,3,North,2026-04-19,Melrose United,0,1,Lynnfield FC Raiders,
Spring 2026,Over 48,3,North,2026-04-19,Medford Atomic,1,1,Cantona over 48,
Spring 2026,Over 48,3,North,2026-04-19,FC Older School,2,4,Lexington Golden Eagles,
Spring 2026,Over 48,3,North,2026-04-26,Lynnfield FC Raiders,5,7,FC Older School,
Spring 2026,Over 48,3,North,2026-04-26,Windham 50s,2,2,Medford Atomic,
Spring 2026,Over 48,3,North,2026-04-26,Lexington Golden Eagles,3,2,Melrose United,
Spring 2026,Over 48,3,North,2026-04-26,Cantona over 48,3,1,Andover Gold,
Spring 2026,Over 48,3,North,2026-05-03,Lexington Golden Eagles,1,4,Windham 50s,
Spring 2026,Over 48,3,North,2026-05-03,Medford Atomic,2,1,Melrose United,
Spring 2026,Over 48,3,North,2026-05-03,FC Older School,5,0,Andover Gold,
Spring 2026,Over 48,3,North,2026-05-03,Cantona over 48,1,1,Lynnfield FC Raiders,
Spring 2026,Over 48,3,North,2026-05-10,Andover Gold,2,4,Medford Atomic,
Spring 2026,Over 48,3,North,2026-05-10,Lynnfield FC Raiders,4,5,Lexington Golden Eagles,
Spring 2026,Over 48,3,North,2026-05-10,Windham 50s,2,2,Cantona over 48,
Spring 2026,Over 48,3,North,2026-05-10,Melrose United,2,3,FC Older School,
Spring 2026,Over 48,3,North,2026-05-17,Andover Gold,2,1,Lexington Golden Eagles,
Spring 2026,Over 48,3,North,2026-05-17,Melrose United,3,3,Cantona over 48,
Spring 2026,Over 48,3,North,2026-05-17,Medford Atomic,2,2,Lynnfield FC Raiders,
Spring 2026,Over 48,3,North,2026-05-17,FC Older School,9,1,Windham 50s,
Spring 2026,Over 48,3,North,2026-05-21,Andover Gold,1,1,Lynnfield FC Raiders,
Spring 2026,Over 48,3,North,2026-05-31,Windham 50s,4,2,Andover Gold,
Spring 2026,Over 48,3,North,2026-05-31,Lynnfield FC Raiders,2,3,Melrose United,
Spring 2026,Over 48,3,North,2026-05-31,Cantona over 48,0,4,Medford Atomic,
Spring 2026,Over 48,3,North,2026-05-31,Lexington Golden Eagles,4,4,FC Older School,
Spring 2026,Over 48,3,North,2026-06-07,Lynnfield FC Raiders,4,2,Andover Gold,
Spring 2026,Over 48,3,North,2026-06-07,Melrose United,1,2,Windham 50s,
Spring 2026,Over 48,3,North,2026-06-07,Medford Atomic,4,1,Lexington Golden Eagles,
Spring 2026,Over 48,3,North,2026-06-07,Cantona over 48,2,6,FC Older School,
Spring 2026,Over 48,3,North,2026-06-14,Andover Gold,,,Melrose United,scheduled
Spring 2026,Over 48,3,North,2026-06-14,Windham 50s,,,Lynnfield FC Raiders,scheduled
Spring 2026,Over 48,3,North,2026-06-14,Lexington Golden Eagles,,,Cantona over 48,scheduled
Spring 2026,Over 48,3,North,2026-06-14,FC Older School,,,Medford Atomic,scheduled
Spring 2026,Over 48,3,North,2026-06-21,TBD,,,TBD,scheduled
Spring 2026,Over 48,3,North,2026-06-21,TBD,,,TBD,scheduled
Spring 2026,Over 48,3,North,2026-06-28,TBD,,,TBD,scheduled
Spring 2026,Over 48,3,South,2026-04-05,Newton Brigada II,2,1,Celtic Veterans,
Spring 2026,Over 48,3,South,2026-04-05,Kendall Wanderers,0,2,Lexington Allin Eagles,
Spring 2026,Over 48,3,South,2026-04-05,Dover Sherborn Hop Hunters,3,2,Framingham Persepolis 48,
Spring 2026,Over 48,3,South,2026-04-05,West Roxbury United,1,3,FC Walpole O48,
Spring 2026,Over 48,3,South,2026-04-12,Lexington Allin Eagles,0,3,Newton Brigada II,
Spring 2026,Over 48,3,South,2026-04-12,Celtic Veterans,3,2,Kendall Wanderers,
Spring 2026,Over 48,3,South,2026-04-12,FC Walpole O48,1,0,Dover Sherborn Hop Hunters,
Spring 2026,Over 48,3,South,2026-04-12,Framingham Persepolis 48,1,0,West Roxbury United,
Spring 2026,Over 48,3,South,2026-04-19,Newton Brigada II,3,2,Kendall Wanderers,
Spring 2026,Over 48,3,South,2026-04-19,Lexington Allin Eagles,0,1,Celtic Veterans,
Spring 2026,Over 48,3,South,2026-04-19,Framingham Persepolis 48,1,0,FC Walpole O48,
Spring 2026,Over 48,3,South,2026-04-19,West Roxbury United,1,1,Dover Sherborn Hop Hunters,
Spring 2026,Over 48,3,South,2026-04-26,Celtic Veterans,2,0,West Roxbury United,
Spring 2026,Over 48,3,South,2026-04-26,Kendall Wanderers,1,4,Framingham Persepolis 48,
Spring 2026,Over 48,3,South,2026-04-26,Dover Sherborn Hop Hunters,0,1,Lexington Allin Eagles,
Spring 2026,Over 48,3,South,2026-04-26,FC Walpole O48,2,0,Newton Brigada II,
Spring 2026,Over 48,3,South,2026-05-03,Dover Sherborn Hop Hunters,1,3,Kendall Wanderers,
Spring 2026,Over 48,3,South,2026-05-03,Framingham Persepolis 48,0,0,Lexington Allin Eagles,
Spring 2026,Over 48,3,South,2026-05-03,West Roxbury United,0,2,Newton Brigada II,
Spring 2026,Over 48,3,South,2026-05-03,FC Walpole O48,1,4,Celtic Veterans,
Spring 2026,Over 48,3,South,2026-05-10,Newton Brigada II,2,2,Framingham Persepolis 48,
Spring 2026,Over 48,3,South,2026-05-10,Celtic Veterans,6,0,Dover Sherborn Hop Hunters,
Spring 2026,Over 48,3,South,2026-05-10,Kendall Wanderers,2,1,FC Walpole O48,
Spring 2026,Over 48,3,South,2026-05-10,Lexington Allin Eagles,4,2,West Roxbury United,
Spring 2026,Over 48,3,South,2026-05-17,Newton Brigada II,2,forfeitNP,Dover Sherborn Hop Hunters,forfeit
Spring 2026,Over 48,3,South,2026-05-17,Lexington Allin Eagles,4,0,FC Walpole O48,
Spring 2026,Over 48,3,South,2026-05-17,Framingham Persepolis 48,3,1,Celtic Veterans,
Spring 2026,Over 48,3,South,2026-05-17,West Roxbury United,4,5,Kendall Wanderers,
Spring 2026,Over 48,3,South,2026-05-31,Kendall Wanderers,1,2,Newton Brigada II,
Spring 2026,Over 48,3,South,2026-05-31,Celtic Veterans,2,1,Lexington Allin Eagles,
Spring 2026,Over 48,3,South,2026-05-31,FC Walpole O48,0,2,Framingham Persepolis 48,
Spring 2026,Over 48,3,South,2026-05-31,Dover Sherborn Hop Hunters,5,3,West Roxbury United,
Spring 2026,Over 48,3,South,2026-06-07,Celtic Veterans,1,2,Newton Brigada II,
Spring 2026,Over 48,3,South,2026-06-07,Lexington Allin Eagles,0,0,Kendall Wanderers,
Spring 2026,Over 48,3,South,2026-06-07,Framingham Persepolis 48,3,1,Dover Sherborn Hop Hunters,
Spring 2026,Over 48,3,South,2026-06-07,FC Walpole O48,1,1,West Roxbury United,
Spring 2026,Over 48,3,South,2026-06-14,Newton Brigada II,,,Lexington Allin Eagles,scheduled
Spring 2026,Over 48,3,South,2026-06-14,Kendall Wanderers,,,Celtic Veterans,scheduled
Spring 2026,Over 48,3,South,2026-06-14,Dover Sherborn Hop Hunters,,,FC Walpole O48,scheduled
Spring 2026,Over 48,3,South,2026-06-14,West Roxbury United,,,Framingham Persepolis 48,scheduled
Spring 2026,Over 48,3,South,2026-06-21,TBD,,,TBD,scheduled
Spring 2026,Over 48,3,South,2026-06-21,TBD,,,TBD,scheduled
Spring 2026,Over 48,3,South,2026-06-28,TBD,,,TBD,scheduled
Spring 2026,Over 48,4,North,2026-04-05,Arlington Pond Dawgz,4,2,Northshore United Soccer Club,
Spring 2026,Over 48,4,North,2026-04-12,Northshore United Soccer Club,2,0,Pepperell Red Bulls,
Spring 2026,Over 48,4,North,2026-04-12,Nashua Absolute II,0,4,Arlington Pond Dawgz,
Spring 2026,Over 48,4,North,2026-04-12,Wen Ham United,1,3,Harvard Blues FC,
Spring 2026,Over 48,4,North,2026-04-19,Nashua Absolute II,1,1,Northshore United Soccer Club,
Spring 2026,Over 48,4,North,2026-04-19,Wen Ham United,0,5,Arlington Pond Dawgz,
Spring 2026,Over 48,4,North,2026-04-19,Harvard Blues FC,0,4,Pepperell Red Bulls,
Spring 2026,Over 48,4,North,2026-04-26,Northshore United Soccer Club,3,0,Wen Ham United,
Spring 2026,Over 48,4,North,2026-04-26,Arlington Pond Dawgz,0,0,Harvard Blues FC,
Spring 2026,Over 48,4,North,2026-04-26,Pepperell Red Bulls,1,5,Nashua Absolute II,
Spring 2026,Over 48,4,North,2026-04-30,Pepperell Red Bulls,2,2,Wen Ham United,
Spring 2026,Over 48,4,North,2026-05-03,Harvard Blues FC,0,0,Northshore United Soccer Club,
Spring 2026,Over 48,4,North,2026-05-03,Pepperell Red Bulls,1,3,Arlington Pond Dawgz,
Spring 2026,Over 48,4,North,2026-05-03,Nashua Absolute II,5,1,Wen Ham United,
Spring 2026,Over 48,4,North,2026-05-10,Northshore United Soccer Club,5,0,Harvard Blues FC,
Spring 2026,Over 48,4,North,2026-05-10,Arlington Pond Dawgz,0,0,Pepperell Red Bulls,
Spring 2026,Over 48,4,North,2026-05-10,Wen Ham United,0,7,Nashua Absolute II,
Spring 2026,Over 48,4,North,2026-05-13,Harvard Blues FC,0,5,Nashua Absolute II,
Spring 2026,Over 48,4,North,2026-05-17,Wen Ham United,1,3,Northshore United Soccer Club,
Spring 2026,Over 48,4,North,2026-05-17,Harvard Blues FC,1,6,Arlington Pond Dawgz,
Spring 2026,Over 48,4,North,2026-05-17,Nashua Absolute II,2,3,Pepperell Red Bulls,
Spring 2026,Over 48,4,North,2026-05-31,Northshore United Soccer Club,1,1,Nashua Absolute II,
Spring 2026,Over 48,4,North,2026-05-31,Arlington Pond Dawgz,7,2,Wen Ham United,
Spring 2026,Over 48,4,North,2026-05-31,Pepperell Red Bulls,6,0,Harvard Blues FC,
Spring 2026,Over 48,4,North,2026-06-07,Northshore United Soccer Club,2,2,Arlington Pond Dawgz,
Spring 2026,Over 48,4,North,2026-06-07,Wen Ham United,2,6,Pepperell Red Bulls,
Spring 2026,Over 48,4,North,2026-06-07,Nashua Absolute II,3,0,Harvard Blues FC,
Spring 2026,Over 48,4,North,2026-06-14,Pepperell Red Bulls,,,Northshore United Soccer Club,scheduled
Spring 2026,Over 48,4,North,2026-06-14,Arlington Pond Dawgz,,,Nashua Absolute II,scheduled
Spring 2026,Over 48,4,North,2026-06-14,Harvard Blues FC,,,Wen Ham United,scheduled
Spring 2026,Over 48,4,North,2026-06-21,TBD,,,TBD,scheduled
Spring 2026,Over 48,4,North,2026-06-21,TBD,,,TBD,scheduled
Spring 2026,Over 48,4,North,2026-06-28,TBD,,,TBD,scheduled
Spring 2026,Over 48,4,South,2026-04-05,NCLS Evergreen,1,3,Norfolk FC,
Spring 2026,Over 48,4,South,2026-04-09,BNFC O48,1,2,Neponset Old Boys,
Spring 2026,Over 48,4,South,2026-04-12,Neponset Old Boys,3,2,NCLS Evergreen,
Spring 2026,Over 48,4,South,2026-04-12,Peru Sports FC Masters,3,1,BNFC O48,
Spring 2026,Over 48,4,South,2026-04-12,Norfolk FC,3,2,Easton Legends,
Spring 2026,Over 48,4,South,2026-04-19,Peru Sports FC Masters,2,4,Neponset Old Boys,
Spring 2026,Over 48,4,South,2026-04-19,Norfolk FC,2,0,BNFC O48,
Spring 2026,Over 48,4,South,2026-04-19,Easton Legends,2,1,NCLS Evergreen,
Spring 2026,Over 48,4,South,2026-04-26,Neponset Old Boys,3,2,Norfolk FC,
Spring 2026,Over 48,4,South,2026-04-26,BNFC O48,1,4,Easton Legends,
Spring 2026,Over 48,4,South,2026-04-26,NCLS Evergreen,5,2,Peru Sports FC Masters,
Spring 2026,Over 48,4,South,2026-05-03,Easton Legends,4,1,Neponset Old Boys,
Spring 2026,Over 48,4,South,2026-05-03,NCLS Evergreen,2,1,BNFC O48,
Spring 2026,Over 48,4,South,2026-05-03,Peru Sports FC Masters forfeit lost by,forfeit,2,Norfolk FC,forfeit
Spring 2026,Over 48,4,South,2026-05-10,Neponset Old Boys,1,3,Easton Legends,
Spring 2026,Over 48,4,South,2026-05-10,BNFC O48,1,1,NCLS Evergreen,
Spring 2026,Over 48,4,South,2026-05-10,Norfolk FC,5,0,Peru Sports FC Masters,
Spring 2026,Over 48,4,South,2026-05-17,Norfolk FC,4,1,Neponset Old Boys,
Spring 2026,Over 48,4,South,2026-05-17,Easton Legends,6,0,BNFC O48,
Spring 2026,Over 48,4,South,2026-05-17,Peru Sports FC Masters,2,3,NCLS Evergreen,
Spring 2026,Over 48,4,South,2026-05-31,Neponset Old Boys,5,1,Peru Sports FC Masters,
Spring 2026,Over 48,4,South,2026-05-31,BNFC O48,1,5,Norfolk FC,
Spring 2026,Over 48,4,South,2026-05-31,NCLS Evergreen,2,1,Easton Legends,
Spring 2026,Over 48,4,South,2026-06-07,Neponset Old Boys,5,1,BNFC O48,
Spring 2026,Over 48,4,South,2026-06-07,Norfolk FC,0,2,NCLS Evergreen,
Spring 2026,Over 48,4,South,2026-06-07,Peru Sports FC Masters,1,8,Easton Legends,
Spring 2026,Over 48,4,South,2026-06-14,NCLS Evergreen,,,Neponset Old Boys,scheduled
Spring 2026,Over 48,4,South,2026-06-14,BNFC O48,,,Peru Sports FC Masters,scheduled
Spring 2026,Over 48,4,South,2026-06-14,Easton Legends,,,Norfolk FC,scheduled
Spring 2026,Over 48,4,South,2026-06-21,TBD,,,TBD,scheduled
Spring 2026,Over 48,4,South,2026-06-21,TBD,,,TBD,scheduled
Spring 2026,Over 48,4,South,2026-06-28,TBD,,,TBD,scheduled
Spring 2026,Over 48,5,North,2026-04-05,FC Belmont,1,3,Charlestown FC o48,
Spring 2026,Over 48,5,North,2026-04-05,Old School Soccer Club,2,0,Canary Square 50,
Spring 2026,Over 48,5,North,2026-04-05,Malden Everett Veterans,1,2,North Andover Grey Knights,
Spring 2026,Over 48,5,North,2026-04-12,Masco,1,1,FC Belmont,
Spring 2026,Over 48,5,North,2026-04-12,North Andover Grey Knights,0,1,Old School Soccer Club,
Spring 2026,Over 48,5,North,2026-04-12,Canary Square 50,0,6,Malden Everett Veterans,
Spring 2026,Over 48,5,North,2026-04-19,Masco,1,4,Charlestown FC o48,
Spring 2026,Over 48,5,North,2026-04-19,Canary Square 50,3,2,North Andover Grey Knights,
Spring 2026,Over 48,5,North,2026-04-19,Malden Everett Veterans,2,1,Old School Soccer Club,
Spring 2026,Over 48,5,North,2026-04-26,Charlestown FC o48,1,0,Malden Everett Veterans,
Spring 2026,Over 48,5,North,2026-04-26,Old School Soccer Club,3,3,Masco,
Spring 2026,Over 48,5,North,2026-04-26,North Andover Grey Knights,0,1,FC Belmont,
Spring 2026,Over 48,5,North,2026-05-03,Canary Square 50,3,2,Masco,
Spring 2026,Over 48,5,North,2026-05-03,Malden Everett Veterans,4,1,FC Belmont,
Spring 2026,Over 48,5,North,2026-05-03,North Andover Grey Knights,0,4,Charlestown FC o48,
Spring 2026,Over 48,5,North,2026-05-10,FC Belmont,1,0,Canary Square 50,
Spring 2026,Over 48,5,North,2026-05-10,Charlestown FC o48,2,0,Old School Soccer Club,
Spring 2026,Over 48,5,North,2026-05-10,Masco,1,1,Malden Everett Veterans,
Spring 2026,Over 48,5,North,2026-05-17,FC Belmont,1,2,Old School Soccer Club,
Spring 2026,Over 48,5,North,2026-05-17,Masco,3,0,North Andover Grey Knights,
Spring 2026,Over 48,5,North,2026-05-17,Canary Square 50,0,4,Charlestown FC o48,
Spring 2026,Over 48,5,North,2026-05-31,Charlestown FC o48,2,2,Masco,
Spring 2026,Over 48,5,North,2026-05-31,North Andover Grey Knights,5,2,Canary Square 50,
Spring 2026,Over 48,5,North,2026-05-31,Old School Soccer Club,4,3,Malden Everett Veterans,
Spring 2026,Over 48,5,North,2026-06-07,Charlestown FC o48,2,forfeitNP,FC Belmont,forfeit
Spring 2026,Over 48,5,North,2026-06-07,Canary Square 50,2,2,Old School Soccer Club,
Spring 2026,Over 48,5,North,2026-06-07,North Andover Grey Knights,1,4,Malden Everett Veterans,
Spring 2026,Over 48,5,North,2026-06-14,FC Belmont,,,Masco,scheduled
Spring 2026,Over 48,5,North,2026-06-14,Old School Soccer Club,,,North Andover Grey Knights,scheduled
Spring 2026,Over 48,5,North,2026-06-14,Malden Everett Veterans,,,Canary Square 50,scheduled
Spring 2026,Over 48,5,North,2026-06-21,TBD,,,TBD,scheduled
Spring 2026,Over 48,5,North,2026-06-21,TBD,,,TBD,scheduled
Spring 2026,Over 48,5,North,2026-06-28,TBD,,,TBD,scheduled
Spring 2026,Over 48,5,South,2026-04-05,HTK FC,1,9,Ashland 48,
Spring 2026,Over 48,5,South,2026-04-05,Raynham Crue,0,4,Needham FC,
Spring 2026,Over 48,5,South,2026-04-12,Franklin,0,2,HTK FC,
Spring 2026,Over 48,5,South,2026-04-12,Needham FC,3,2,Criolo City FC,
Spring 2026,Over 48,5,South,2026-04-12,Ashland 48,8,0,Raynham Crue,
Spring 2026,Over 48,5,South,2026-04-19,Needham FC,2,1,Franklin,
Spring 2026,Over 48,5,South,2026-04-19,Ashland 48,5,0,Criolo City FC,
Spring 2026,Over 48,5,South,2026-04-19,Raynham Crue,1,3,HTK FC,
Spring 2026,Over 48,5,South,2026-04-26,Franklin,3,10,Ashland 48,
Spring 2026,Over 48,5,South,2026-04-26,Criolo City FC,1,1,Raynham Crue,
Spring 2026,Over 48,5,South,2026-04-26,HTK FC,0,3,Needham FC,
Spring 2026,Over 48,5,South,2026-05-03,Raynham Crue,2,1,Franklin,
Spring 2026,Over 48,5,South,2026-05-03,HTK FC,1,6,Criolo City FC,
Spring 2026,Over 48,5,South,2026-05-03,Needham FC,1,6,Ashland 48,
Spring 2026,Over 48,5,South,2026-05-10,Franklin,2,3,Raynham Crue,
Spring 2026,Over 48,5,South,2026-05-10,Criolo City FC,5,0,HTK FC,
Spring 2026,Over 48,5,South,2026-05-10,Ashland 48,2,forfeitNP,Needham FC,forfeit
Spring 2026,Over 48,5,South,2026-05-17,Ashland 48,2,forfeit,Franklin,forfeit
Spring 2026,Over 48,5,South,2026-05-17,Raynham Crue,5,2,Criolo City FC,
Spring 2026,Over 48,5,South,2026-05-17,Needham FC,1,1,HTK FC,
Spring 2026,Over 48,5,South,2026-05-22,Criolo City FC,2,1,Franklin,
Spring 2026,Over 48,5,South,2026-05-31,Franklin,0,1,Needham FC,
Spring 2026,Over 48,5,South,2026-05-31,Criolo City FC,0,6,Ashland 48,
Spring 2026,Over 48,5,South,2026-05-31,HTK FC,2,1,Raynham Crue,
Spring 2026,Over 48,5,South,2026-06-07,Franklin,3,1,Criolo City FC,
Spring 2026,Over 48,5,South,2026-06-07,Ashland 48,5,0,HTK FC,
Spring 2026,Over 48,5,South,2026-06-07,Needham FC,3,1,Raynham Crue,
Spring 2026,Over 48,5,South,2026-06-14,HTK FC,,,Franklin,scheduled
Spring 2026,Over 48,5,South,2026-06-14,Criolo City FC forfeit lost by,forfeit,2,Needham FC,forfeit
Spring 2026,Over 48,5,South,2026-06-14,Raynham Crue,,,Ashland 48,scheduled
Spring 2026,Over 48,5,South,2026-06-21,TBD,,,TBD,scheduled
Spring 2026,Over 48,5,South,2026-06-21,TBD,,,TBD,scheduled
Spring 2026,Over 48,5,South,2026-06-28,TBD,,,TBD,scheduled
Spring 2026,Over 55,1,North,2026-04-05,Seadogs F.C.,2,1,Lexington Regal Eagles,
Spring 2026,Over 55,1,North,2026-04-05,DEA,1,2,Nashoba o55,
Spring 2026,Over 55,1,North,2026-04-05,Danvers Evolution FC,4,1,Concord United Veterans,
Spring 2026,Over 55,1,North,2026-04-12,Lexington Regal Eagles,1,2,North Andover Warriors,
Spring 2026,Over 55,1,North,2026-04-12,NS Internationals,0,2,Seadogs F.C.,
Spring 2026,Over 55,1,North,2026-04-12,Concord United Veterans,2,0,DEA,
Spring 2026,Over 55,1,North,2026-04-12,Nashoba o55,1,5,Danvers Evolution FC,
Spring 2026,Over 55,1,North,2026-04-19,North Andover Warriors,1,1,Seadogs F.C.,
Spring 2026,Over 55,1,North,2026-04-19,Lexington Regal Eagles,5,1,NS Internationals,
Spring 2026,Over 55,1,North,2026-04-19,Nashoba o55,0,0,Concord United Veterans,
Spring 2026,Over 55,1,North,2026-04-19,Danvers Evolution FC,4,0,DEA,
Spring 2026,Over 55,1,North,2026-04-26,NS Internationals,0,0,Danvers Evolution FC,
Spring 2026,Over 55,1,North,2026-04-26,Seadogs F.C.,2,2,Nashoba o55,
Spring 2026,Over 55,1,North,2026-04-26,DEA,2,2,Lexington Regal Eagles,
Spring 2026,Over 55,1,North,2026-04-26,Concord United Veterans,7,1,North Andover Warriors,
Spring 2026,Over 55,1,North,2026-05-03,DEA,1,0,Seadogs F.C.,
Spring 2026,Over 55,1,North,2026-05-03,Nashoba o55,3,2,Lexington Regal Eagles,
Spring 2026,Over 55,1,North,2026-05-03,Danvers Evolution FC,6,1,North Andover Warriors,
Spring 2026,Over 55,1,North,2026-05-03,Concord United Veterans,4,0,NS Internationals,
Spring 2026,Over 55,1,North,2026-05-10,North Andover Warriors,1,2,Nashoba o55,
Spring 2026,Over 55,1,North,2026-05-10,NS Internationals,5,0,DEA,
Spring 2026,Over 55,1,North,2026-05-10,Seadogs F.C.,1,0,Concord United Veterans,
Spring 2026,Over 55,1,North,2026-05-10,Lexington Regal Eagles,1,1,Danvers Evolution FC,
Spring 2026,Over 55,1,North,2026-05-17,North Andover Warriors,8,1,DEA,
Spring 2026,Over 55,1,North,2026-05-17,Lexington Regal Eagles,1,3,Concord United Veterans,
Spring 2026,Over 55,1,North,2026-05-17,Nashoba o55,5,1,NS Internationals,
Spring 2026,Over 55,1,North,2026-05-17,Danvers Evolution FC,2,2,Seadogs F.C.,
Spring 2026,Over 55,1,North,2026-05-31,Seadogs F.C.,1,0,North Andover Warriors,
Spring 2026,Over 55,1,North,2026-05-31,NS Internationals,3,2,Lexington Regal Eagles,
Spring 2026,Over 55,1,North,2026-05-31,Concord United Veterans,3,0,Nashoba o55,
Spring 2026,Over 55,1,North,2026-05-31,DEA,0,0,Danvers Evolution FC,
Spring 2026,Over 55,1,North,2026-06-03,North Andover Warriors,6,3,NS Internationals,
Spring 2026,Over 55,1,North,2026-06-07,NS Internationals,1,3,North Andover Warriors,
Spring 2026,Over 55,1,North,2026-06-07,Lexington Regal Eagles,1,2,Seadogs F.C.,
Spring 2026,Over 55,1,North,2026-06-07,Nashoba o55,1,2,DEA,
Spring 2026,Over 55,1,North,2026-06-07,Concord United Veterans,3,1,Danvers Evolution FC,
Spring 2026,Over 55,1,North,2026-06-14,North Andover Warriors,,,Lexington Regal Eagles,scheduled
Spring 2026,Over 55,1,North,2026-06-14,Seadogs F.C.,,,NS Internationals,scheduled
Spring 2026,Over 55,1,North,2026-06-14,DEA,,,Concord United Veterans,scheduled
Spring 2026,Over 55,1,North,2026-06-14,Danvers Evolution FC,,,Nashoba o55,scheduled
Spring 2026,Over 55,1,North,2026-06-21,TBD,,,TBD,scheduled
Spring 2026,Over 55,1,North,2026-06-21,TBD,,,TBD,scheduled
Spring 2026,Over 55,1,North,2026-06-28,TBD,,,TBD,scheduled
Spring 2026,Over 55,1,South,2026-04-05,Fernandes FC O55,4,1,Shake-Shake FC Veterans,
Spring 2026,Over 55,1,South,2026-04-05,Weston,0,1,MADBoys,
Spring 2026,Over 55,1,South,2026-04-05,FUFC Gray,0,2,Medway MOB,
Spring 2026,Over 55,1,South,2026-04-05,Wayland wahootee,0,4,Rovers FC O55,
Spring 2026,Over 55,1,South,2026-04-12,MADBoys,7,2,Fernandes FC O55,
Spring 2026,Over 55,1,South,2026-04-12,Shake-Shake FC Veterans,4,1,Weston,
Spring 2026,Over 55,1,South,2026-04-12,Rovers FC O55,9,1,FUFC Gray,
Spring 2026,Over 55,1,South,2026-04-12,Medway MOB,0,2,Wayland wahootee,
Spring 2026,Over 55,1,South,2026-04-19,Fernandes FC O55,4,3,Weston,
Spring 2026,Over 55,1,South,2026-04-19,MADBoys,3,0,Shake-Shake FC Veterans,
Spring 2026,Over 55,1,South,2026-04-19,Medway MOB,1,1,Rovers FC O55,
Spring 2026,Over 55,1,South,2026-04-19,Wayland wahootee,1,0,FUFC Gray,
Spring 2026,Over 55,1,South,2026-04-26,Shake-Shake FC Veterans,1,4,Wayland wahootee,
Spring 2026,Over 55,1,South,2026-04-26,Weston,2,1,Medway MOB,
Spring 2026,Over 55,1,South,2026-04-26,FUFC Gray,1,2,MADBoys,
Spring 2026,Over 55,1,South,2026-04-26,Rovers FC O55,3,1,Fernandes FC O55,
Spring 2026,Over 55,1,South,2026-05-03,FUFC Gray,0,2,Weston,
Spring 2026,Over 55,1,South,2026-05-03,Medway MOB,0,2,MADBoys,
Spring 2026,Over 55,1,South,2026-05-03,Wayland wahootee,2,1,Fernandes FC O55,
Spring 2026,Over 55,1,South,2026-05-03,Rovers FC O55,1,1,Shake-Shake FC Veterans,
Spring 2026,Over 55,1,South,2026-05-10,Fernandes FC O55,5,1,Medway MOB,
Spring 2026,Over 55,1,South,2026-05-10,Shake-Shake FC Veterans,5,1,FUFC Gray,
Spring 2026,Over 55,1,South,2026-05-10,Weston,0,6,Rovers FC O55,
Spring 2026,Over 55,1,South,2026-05-10,MADBoys,4,3,Wayland wahootee,
Spring 2026,Over 55,1,South,2026-05-17,Fernandes FC O55,3,3,FUFC Gray,
Spring 2026,Over 55,1,South,2026-05-17,MADBoys,2,2,Rovers FC O55,
Spring 2026,Over 55,1,South,2026-05-17,Medway MOB,4,5,Shake-Shake FC Veterans,
Spring 2026,Over 55,1,South,2026-05-17,Wayland wahootee,5,1,Weston,
Spring 2026,Over 55,1,South,2026-05-31,Weston,8,1,Fernandes FC O55,
Spring 2026,Over 55,1,South,2026-05-31,Shake-Shake FC Veterans,4,1,MADBoys,
Spring 2026,Over 55,1,South,2026-05-31,Rovers FC O55,4,0,Medway MOB,
Spring 2026,Over 55,1,South,2026-05-31,FUFC Gray,0,4,Wayland wahootee,
Spring 2026,Over 55,1,South,2026-06-07,Shake-Shake FC Veterans,1,1,Fernandes FC O55,
Spring 2026,Over 55,1,South,2026-06-07,MADBoys,5,0,Weston,
Spring 2026,Over 55,1,South,2026-06-07,Medway MOB,4,1,FUFC Gray,
Spring 2026,Over 55,1,South,2026-06-07,Rovers FC O55,2,1,Wayland wahootee,
Spring 2026,Over 55,1,South,2026-06-14,Fernandes FC O55,,,MADBoys,scheduled
Spring 2026,Over 55,1,South,2026-06-14,Weston,,,Shake-Shake FC Veterans,scheduled
Spring 2026,Over 55,1,South,2026-06-14,FUFC Gray,,,Rovers FC O55,scheduled
Spring 2026,Over 55,1,South,2026-06-14,Wayland wahootee,,,Medway MOB,scheduled
Spring 2026,Over 55,1,South,2026-06-21,TBD,,,TBD,scheduled
Spring 2026,Over 55,1,South,2026-06-21,TBD,,,TBD,scheduled
Spring 2026,Over 55,1,South,2026-06-28,TBD,,,TBD,scheduled
Spring 2026,Over 55,2,North,2026-04-05,Lexington Eagles O55,2,2,Peabody Gold,
Spring 2026,Over 55,2,North,2026-04-05,Medford Atomic o55,2,3,Pepperell Celtic,
Spring 2026,Over 55,2,North,2026-04-05,Marblehead o55,0,0,Lynnfield F.C. Spartans,
Spring 2026,Over 55,2,North,2026-04-12,Pepperell Celtic,0,1,Lexington Eagles O55,
Spring 2026,Over 55,2,North,2026-04-12,Peabody Gold,3,2,Medford Atomic o55,
Spring 2026,Over 55,2,North,2026-04-12,Lynnfield F.C. Spartans,0,0,Windham O55,
Spring 2026,Over 55,2,North,2026-04-12,Nashua IFC,0,0,Marblehead o55,
Spring 2026,Over 55,2,North,2026-04-19,Lexington Eagles O55,1,1,Medford Atomic o55,
Spring 2026,Over 55,2,North,2026-04-19,Pepperell Celtic,2,1,Peabody Gold,
Spring 2026,Over 55,2,North,2026-04-19,Nashua IFC,2,2,Lynnfield F.C. Spartans,
Spring 2026,Over 55,2,North,2026-04-19,Marblehead o55,1,2,Windham O55,
Spring 2026,Over 55,2,North,2026-04-26,Peabody Gold,4,1,Marblehead o55,
Spring 2026,Over 55,2,North,2026-04-26,Medford Atomic o55,2,2,Nashua IFC,
Spring 2026,Over 55,2,North,2026-04-26,Windham O55,4,4,Pepperell Celtic,
Spring 2026,Over 55,2,North,2026-04-26,Lynnfield F.C. Spartans,1,4,Lexington Eagles O55,
Spring 2026,Over 55,2,North,2026-04-29,Windham O55,5,3,Nashua IFC,
Spring 2026,Over 55,2,North,2026-05-03,Windham O55,0,2,Medford Atomic o55,
Spring 2026,Over 55,2,North,2026-05-03,Nashua IFC,0,3,Pepperell Celtic,
Spring 2026,Over 55,2,North,2026-05-03,Marblehead o55,3,1,Lexington Eagles O55,
Spring 2026,Over 55,2,North,2026-05-03,Lynnfield F.C. Spartans,2,4,Peabody Gold,
Spring 2026,Over 55,2,North,2026-05-10,Lexington Eagles O55,4,1,Nashua IFC,
Spring 2026,Over 55,2,North,2026-05-10,Peabody Gold,2,1,Windham O55,
Spring 2026,Over 55,2,North,2026-05-10,Medford Atomic o55,4,2,Lynnfield F.C. Spartans,
Spring 2026,Over 55,2,North,2026-05-10,Pepperell Celtic,3,3,Marblehead o55,
Spring 2026,Over 55,2,North,2026-05-17,Pepperell Celtic,3,5,Lynnfield F.C. Spartans,
Spring 2026,Over 55,2,North,2026-05-17,Nashua IFC,4,1,Peabody Gold,
Spring 2026,Over 55,2,North,2026-05-17,Marblehead o55,1,2,Medford Atomic o55,
Spring 2026,Over 55,2,North,2026-05-31,Medford Atomic o55,4,2,Lexington Eagles O55,
Spring 2026,Over 55,2,North,2026-05-31,Peabody Gold,0,0,Pepperell Celtic,
Spring 2026,Over 55,2,North,2026-05-31,Lynnfield F.C. Spartans,0,2,Nashua IFC,
Spring 2026,Over 55,2,North,2026-05-31,Windham O55,4,2,Marblehead o55,
Spring 2026,Over 55,2,North,2026-06-07,Peabody Gold,6,0,Lexington Eagles O55,
Spring 2026,Over 55,2,North,2026-06-07,Pepperell Celtic,2,2,Medford Atomic o55,
Spring 2026,Over 55,2,North,2026-06-07,Nashua IFC,1,2,Windham O55,
Spring 2026,Over 55,2,North,2026-06-07,Lynnfield F.C. Spartans,0,9,Marblehead o55,
Spring 2026,Over 55,2,North,2026-06-14,Lexington Eagles O55,,,Pepperell Celtic,scheduled
Spring 2026,Over 55,2,North,2026-06-14,Medford Atomic o55,,,Peabody Gold,scheduled
Spring 2026,Over 55,2,North,2026-06-14,Windham O55,,,Lynnfield F.C. Spartans,scheduled
Spring 2026,Over 55,2,North,2026-06-14,Marblehead o55,,,Nashua IFC,scheduled
Spring 2026,Over 55,2,North,2026-06-17,Lexington Eagles O55,,,Windham O55,scheduled
Spring 2026,Over 55,2,North,2026-06-21,TBD,,,TBD,scheduled
Spring 2026,Over 55,2,North,2026-06-21,TBD,,,TBD,scheduled
Spring 2026,Over 55,2,North,2026-06-28,TBD,,,TBD,scheduled
Spring 2026,Over 55,2,South,2026-04-05,Irish Village,2,2,FIMA O55,
Spring 2026,Over 55,2,South,2026-04-05,Jamaica Plain FC 55,3,3,AFC Medfield,
Spring 2026,Over 55,2,South,2026-04-05,Ashland,0,1,Framingham United,
Spring 2026,Over 55,2,South,2026-04-05,West Roxbury United 55,3,2,Sudbury Thistle AC,
Spring 2026,Over 55,2,South,2026-04-12,AFC Medfield,1,1,Irish Village,
Spring 2026,Over 55,2,South,2026-04-12,FIMA O55,1,2,Jamaica Plain FC 55,
Spring 2026,Over 55,2,South,2026-04-12,Sudbury Thistle AC,2,1,Ashland,
Spring 2026,Over 55,2,South,2026-04-12,Framingham United,1,1,West Roxbury United 55,
Spring 2026,Over 55,2,South,2026-04-19,Irish Village,1,1,Jamaica Plain FC 55,
Spring 2026,Over 55,2,South,2026-04-19,AFC Medfield,4,2,FIMA O55,
Spring 2026,Over 55,2,South,2026-04-19,Framingham United,2,0,Sudbury Thistle AC,
Spring 2026,Over 55,2,South,2026-04-19,West Roxbury United 55,1,1,Ashland,
Spring 2026,Over 55,2,South,2026-04-26,FIMA O55,1,3,West Roxbury United 55,
Spring 2026,Over 55,2,South,2026-04-26,Jamaica Plain FC 55,1,5,Framingham United,
Spring 2026,Over 55,2,South,2026-04-26,Ashland,4,3,AFC Medfield,
Spring 2026,Over 55,2,South,2026-04-26,Sudbury Thistle AC,0,3,Irish Village,
Spring 2026,Over 55,2,South,2026-05-03,Ashland,3,1,Jamaica Plain FC 55,
Spring 2026,Over 55,2,South,2026-05-03,Framingham United,1,0,AFC Medfield,
Spring 2026,Over 55,2,South,2026-05-03,West Roxbury United 55,1,0,Irish Village,
Spring 2026,Over 55,2,South,2026-05-03,Sudbury Thistle AC,3,1,FIMA O55,
Spring 2026,Over 55,2,South,2026-05-10,Irish Village,1,1,Framingham United,
Spring 2026,Over 55,2,South,2026-05-10,FIMA O55,3,1,Ashland,
Spring 2026,Over 55,2,South,2026-05-10,Jamaica Plain FC 55,4,2,Sudbury Thistle AC,
Spring 2026,Over 55,2,South,2026-05-10,AFC Medfield forfeit lost by,forfeit,2,West Roxbury United 55,forfeit
Spring 2026,Over 55,2,South,2026-05-17,Irish Village,2,forfeit,Ashland,forfeit
Spring 2026,Over 55,2,South,2026-05-17,AFC Medfield,3,6,Sudbury Thistle AC,
Spring 2026,Over 55,2,South,2026-05-17,Framingham United,10,1,FIMA O55,
Spring 2026,Over 55,2,South,2026-05-17,West Roxbury United 55,5,1,Jamaica Plain FC 55,
Spring 2026,Over 55,2,South,2026-05-31,Jamaica Plain FC 55,0,2,Irish Village,
Spring 2026,Over 55,2,South,2026-05-31,FIMA O55,2,1,AFC Medfield,
Spring 2026,Over 55,2,South,2026-05-31,Sudbury Thistle AC,0,1,Framingham United,
Spring 2026,Over 55,2,South,2026-05-31,Ashland,0,3,West Roxbury United 55,
Spring 2026,Over 55,2,South,2026-06-07,FIMA O55,1,2,Irish Village,
Spring 2026,Over 55,2,South,2026-06-07,AFC Medfield,1,1,Jamaica Plain FC 55,
Spring 2026,Over 55,2,South,2026-06-07,Framingham United,2,1,Ashland,
Spring 2026,Over 55,2,South,2026-06-07,Sudbury Thistle AC,0,4,West Roxbury United 55,
Spring 2026,Over 55,2,South,2026-06-14,Irish Village,,,AFC Medfield,scheduled
Spring 2026,Over 55,2,South,2026-06-14,Jamaica Plain FC 55,,,FIMA O55,scheduled
Spring 2026,Over 55,2,South,2026-06-14,Ashland,,,Sudbury Thistle AC,scheduled
Spring 2026,Over 55,2,South,2026-06-14,West Roxbury United 55,,,Framingham United,scheduled
Spring 2026,Over 55,2,South,2026-06-21,TBD,,,TBD,scheduled
Spring 2026,Over 55,2,South,2026-06-21,TBD,,,TBD,scheduled
Spring 2026,Over 55,2,South,2026-06-28,TBD,,,TBD,scheduled
Spring 2026,Over 55,3,North,2026-04-05,Hurricanes SC,4,1,North Reading,
Spring 2026,Over 55,3,North,2026-04-05,Melrose Good Guys,2,1,Westford,
Spring 2026,Over 55,3,North,2026-04-12,North Reading,2,5,Melrose Good Guys,
Spring 2026,Over 55,3,North,2026-04-12,Derry Eagles,0,9,Hurricanes SC,
Spring 2026,Over 55,3,North,2026-04-12,Westford,1,2,MGG,
Spring 2026,Over 55,3,North,2026-04-19,Derry Eagles,1,3,North Reading,
Spring 2026,Over 55,3,North,2026-04-19,Westford,1,1,Hurricanes SC,
Spring 2026,Over 55,3,North,2026-04-19,MGG,2,8,Melrose Good Guys,
Spring 2026,Over 55,3,North,2026-04-26,North Reading,1,1,Westford,
Spring 2026,Over 55,3,North,2026-04-26,Hurricanes SC,4,0,MGG,
Spring 2026,Over 55,3,North,2026-04-26,Melrose Good Guys,7,0,Derry Eagles,
Spring 2026,Over 55,3,North,2026-05-03,MGG,1,0,North Reading,
Spring 2026,Over 55,3,North,2026-05-03,Melrose Good Guys,5,1,Hurricanes SC,
Spring 2026,Over 55,3,North,2026-05-03,Derry Eagles,2,4,Westford,
Spring 2026,Over 55,3,North,2026-05-10,North Reading,2,1,MGG,
Spring 2026,Over 55,3,North,2026-05-10,Hurricanes SC,0,1,Melrose Good Guys,
Spring 2026,Over 55,3,North,2026-05-10,Westford,6,0,Derry Eagles,
Spring 2026,Over 55,3,North,2026-05-17,Westford,6,0,North Reading,
Spring 2026,Over 55,3,North,2026-05-17,MGG,0,1,Hurricanes SC,
Spring 2026,Over 55,3,North,2026-05-17,Derry Eagles,4,8,Melrose Good Guys,
Spring 2026,Over 55,3,North,2026-05-31,North Reading,2,0,Derry Eagles,
Spring 2026,Over 55,3,North,2026-05-31,Hurricanes SC,0,3,Westford,
Spring 2026,Over 55,3,North,2026-05-31,Melrose Good Guys,8,3,MGG,
Spring 2026,Over 55,3,North,2026-06-07,North Reading,1,3,Hurricanes SC,
Spring 2026,Over 55,3,North,2026-06-07,Westford,0,1,Melrose Good Guys,
Spring 2026,Over 55,3,North,2026-06-07,Derry Eagles,0,3,MGG,
Spring 2026,Over 55,3,North,2026-06-14,Melrose Good Guys,,,North Reading,scheduled
Spring 2026,Over 55,3,North,2026-06-14,Hurricanes SC,,,Derry Eagles,scheduled
Spring 2026,Over 55,3,North,2026-06-14,MGG,,,Westford,scheduled
Spring 2026,Over 55,3,North,2026-06-21,TBD,,,TBD,scheduled
Spring 2026,Over 55,3,North,2026-06-21,TBD,,,TBD,scheduled
Spring 2026,Over 55,3,North,2026-06-28,TBD,,,TBD,scheduled
Spring 2026,Over 55,3,North,TBD,MGG,2,forfeit,Derry Eagles,forfeit
Spring 2026,Over 55,3,South,2026-03-29,Fernandes O55++,4,1,FC Franklin Seniors,
Spring 2026,Over 55,3,South,2026-04-04,Warthog Legends,2,1,F.C. Westwood,
Spring 2026,Over 55,3,South,2026-04-05,Western Mass Lusitanos,1,2,Arlington Pond Dawgz,
Spring 2026,Over 55,3,South,2026-04-12,F.C. Westwood,4,2,Western Mass Lusitanos,
Spring 2026,Over 55,3,South,2026-04-12,FC Franklin Seniors,1,5,Warthog Legends,
Spring 2026,Over 55,3,South,2026-04-12,Arlington Pond Dawgz,2,0,Fernandes O55++,
Spring 2026,Over 55,3,South,2026-04-19,FC Franklin Seniors,1,4,F.C. Westwood,
Spring 2026,Over 55,3,South,2026-04-19,Arlington Pond Dawgz,0,1,Warthog Legends,
Spring 2026,Over 55,3,South,2026-04-19,Fernandes O55++,1,3,Western Mass Lusitanos,
Spring 2026,Over 55,3,South,2026-04-26,F.C. Westwood,8,0,Arlington Pond Dawgz,
Spring 2026,Over 55,3,South,2026-04-26,Warthog Legends,0,2,Fernandes O55++,
Spring 2026,Over 55,3,South,2026-04-26,Western Mass Lusitanos,8,0,FC Franklin Seniors,
Spring 2026,Over 55,3,South,2026-05-03,Fernandes O55++,0,3,F.C. Westwood,
Spring 2026,Over 55,3,South,2026-05-03,Western Mass Lusitanos,4,1,Warthog Legends,
Spring 2026,Over 55,3,South,2026-05-03,FC Franklin Seniors,0,3,Arlington Pond Dawgz,
Spring 2026,Over 55,3,South,2026-05-10,F.C. Westwood,1,1,Fernandes O55++,
Spring 2026,Over 55,3,South,2026-05-10,Warthog Legends,3,3,Western Mass Lusitanos,
Spring 2026,Over 55,3,South,2026-05-17,Arlington Pond Dawgz,4,1,F.C. Westwood,
Spring 2026,Over 55,3,South,2026-05-17,Fernandes O55++,3,4,Warthog Legends,
Spring 2026,Over 55,3,South,2026-05-17,FC Franklin Seniors,0,2,Western Mass Lusitanos,
Spring 2026,Over 55,3,South,2026-05-27,Arlington Pond Dawgz,5,0,FC Franklin Seniors,
Spring 2026,Over 55,3,South,2026-05-31,F.C. Westwood,6,1,FC Franklin Seniors,
Spring 2026,Over 55,3,South,2026-05-31,Warthog Legends,1,2,Arlington Pond Dawgz,
Spring 2026,Over 55,3,South,2026-05-31,Western Mass Lusitanos,1,0,Fernandes O55++,
Spring 2026,Over 55,3,South,2026-06-07,F.C. Westwood,1,0,Warthog Legends,
Spring 2026,Over 55,3,South,2026-06-07,Arlington Pond Dawgz,0,7,Western Mass Lusitanos,
Spring 2026,Over 55,3,South,2026-06-07,FC Franklin Seniors,0,2,Fernandes O55++,
Spring 2026,Over 55,3,South,2026-06-14,Western Mass Lusitanos,,,F.C. Westwood,scheduled
Spring 2026,Over 55,3,South,2026-06-14,Warthog Legends,,,FC Franklin Seniors,scheduled
Spring 2026,Over 55,3,South,2026-06-14,Fernandes O55++,,,Arlington Pond Dawgz,scheduled
Spring 2026,Over 55,3,South,2026-06-21,TBD,,,TBD,scheduled
Spring 2026,Over 55,3,South,2026-06-21,TBD,,,TBD,scheduled
Spring 2026,Over 55,3,South,2026-06-28,TBD,,,TBD,scheduled
Spring 2026,Over 62,1,Central,2026-04-05,Lexington Eagles United O62,1,1,Raynham,
Spring 2026,Over 62,1,Central,2026-04-05,Concord United Dragons,3,1,Seadogs EFC,
Spring 2026,Over 62,1,Central,2026-04-05,Danvers EFC,1,1,Wayland Wahoots,
Spring 2026,Over 62,1,Central,2026-04-12,Medfield Rhinos,1,2,Lexington Eagles United O62,
Spring 2026,Over 62,1,Central,2026-04-12,Wayland Wahoots,1,9,Concord United Dragons,
Spring 2026,Over 62,1,Central,2026-04-12,Seadogs EFC,3,1,Danvers EFC,
Spring 2026,Over 62,1,Central,2026-04-19,Medfield Rhinos,1,5,Raynham,
Spring 2026,Over 62,1,Central,2026-04-19,Seadogs EFC,3,0,Wayland Wahoots,
Spring 2026,Over 62,1,Central,2026-04-19,Danvers EFC,0,9,Concord United Dragons,
Spring 2026,Over 62,1,Central,2026-04-26,Raynham,8,0,Danvers EFC,
Spring 2026,Over 62,1,Central,2026-04-26,Concord United Dragons,3,0,Medfield Rhinos,
Spring 2026,Over 62,1,Central,2026-04-26,Wayland Wahoots,1,1,Lexington Eagles United O62,
Spring 2026,Over 62,1,Central,2026-05-03,Seadogs EFC,0,2,Medfield Rhinos,
Spring 2026,Over 62,1,Central,2026-05-03,Danvers EFC,0,3,Lexington Eagles United O62,
Spring 2026,Over 62,1,Central,2026-05-03,Wayland Wahoots,0,4,Raynham,
Spring 2026,Over 62,1,Central,2026-05-10,Lexington Eagles United O62,4,0,Seadogs EFC,
Spring 2026,Over 62,1,Central,2026-05-10,Raynham,1,2,Concord United Dragons,
Spring 2026,Over 62,1,Central,2026-05-10,Medfield Rhinos,5,0,Danvers EFC,
Spring 2026,Over 62,1,Central,2026-05-17,Lexington Eagles United O62,0,3,Concord United Dragons,
Spring 2026,Over 62,1,Central,2026-05-17,Medfield Rhinos,3,2,Wayland Wahoots,
Spring 2026,Over 62,1,Central,2026-05-17,Seadogs EFC,2,2,Raynham,
Spring 2026,Over 62,1,Central,2026-05-31,Raynham,3,3,Medfield Rhinos,
Spring 2026,Over 62,1,Central,2026-05-31,Wayland Wahoots,0,2,Seadogs EFC,
Spring 2026,Over 62,1,Central,2026-05-31,Concord United Dragons,6,0,Danvers EFC,
Spring 2026,Over 62,1,Central,2026-06-07,Raynham,4,3,Lexington Eagles United O62,
Spring 2026,Over 62,1,Central,2026-06-07,Seadogs EFC,1,3,Concord United Dragons,
Spring 2026,Over 62,1,Central,2026-06-07,Wayland Wahoots,2,1,Danvers EFC,
Spring 2026,Over 62,1,Central,2026-06-14,Lexington Eagles United O62,,,Medfield Rhinos,scheduled
Spring 2026,Over 62,1,Central,2026-06-14,Concord United Dragons,,,Wayland Wahoots,scheduled
Spring 2026,Over 62,1,Central,2026-06-14,Danvers EFC,,,Seadogs EFC,scheduled
Spring 2026,Over 62,1,Central,2026-06-21,TBD,,,TBD,scheduled
Spring 2026,Over 62,1,Central,2026-06-21,TBD,,,TBD,scheduled
Spring 2026,Over 62,1,Central,2026-06-28,TBD,,,TBD,scheduled
Spring 2026,Over 62,2,Central,2026-04-05,Medway,3,3,Lynnfield F.C. Olympians,
Spring 2026,Over 62,2,Central,2026-04-05,Hopkinton OF,0,3,Shake-Shake FC 62,
Spring 2026,Over 62,2,Central,2026-04-12,Lynnfield F.C. Olympians,3,2,Boston Villa FC,
Spring 2026,Over 62,2,Central,2026-04-12,Arlington PondDawgz 62,2,1,Hopkinton OF,
Spring 2026,Over 62,2,Central,2026-04-12,Shake-Shake FC 62,1,0,Medway,
Spring 2026,Over 62,2,Central,2026-04-12,Warthog Wonders,0,1,Nashoba Apple Corps,
Spring 2026,Over 62,2,Central,2026-04-19,Arlington PondDawgz 62,0,1,Lynnfield F.C. Olympians,
Spring 2026,Over 62,2,Central,2026-04-19,Peabody Gold 63,2,1,Hopkinton OF,
Spring 2026,Over 62,2,Central,2026-04-19,Warthog Wonders,3,3,Medway,
Spring 2026,Over 62,2,Central,2026-04-19,Boston Villa FC,2,0,Shake-Shake FC 62,
Spring 2026,Over 62,2,Central,2026-04-26,Lynnfield F.C. Olympians,1,4,Peabody Gold 63,
Spring 2026,Over 62,2,Central,2026-04-26,Nashoba Apple Corps,1,3,Medway,
Spring 2026,Over 62,2,Central,2026-04-26,Shake-Shake FC 62,2,forfeit,Arlington PondDawgz 62,forfeit
Spring 2026,Over 62,2,Central,2026-04-26,Hopkinton OF,0,1,Warthog Wonders,
Spring 2026,Over 62,2,Central,2026-05-03,Peabody Gold 63,5,3,Nashoba Apple Corps,
Spring 2026,Over 62,2,Central,2026-05-03,Hopkinton OF,1,3,Lynnfield F.C. Olympians,
Spring 2026,Over 62,2,Central,2026-05-03,Warthog Wonders,2,3,Boston Villa FC,
Spring 2026,Over 62,2,Central,2026-05-10,Nashoba Apple Corps,5,0,Hopkinton OF,
Spring 2026,Over 62,2,Central,2026-05-10,Lynnfield F.C. Olympians,0,2,Shake-Shake FC 62,
Spring 2026,Over 62,2,Central,2026-05-10,Medway,1,3,Peabody Gold 63,
Spring 2026,Over 62,2,Central,2026-05-10,Boston Villa FC,1,0,Arlington PondDawgz 62,
Spring 2026,Over 62,2,Central,2026-05-17,Arlington PondDawgz 62,1,1,Nashoba Apple Corps,
Spring 2026,Over 62,2,Central,2026-05-17,Boston Villa FC,1,0,Medway,
Spring 2026,Over 62,2,Central,2026-05-17,Warthog Wonders,1,2,Shake-Shake FC 62,
Spring 2026,Over 62,2,Central,2026-05-31,Nashoba Apple Corps,1,2,Boston Villa FC,
Spring 2026,Over 62,2,Central,2026-05-31,Lynnfield F.C. Olympians,8,1,Warthog Wonders,
Spring 2026,Over 62,2,Central,2026-05-31,Shake-Shake FC 62,4,2,Peabody Gold 63,
Spring 2026,Over 62,2,Central,2026-05-31,Medway,1,1,Hopkinton OF,
Spring 2026,Over 62,2,Central,2026-06-04,Peabody Gold 63,2,0,Arlington PondDawgz 62,
Spring 2026,Over 62,2,Central,2026-06-07,Arlington PondDawgz 62,1,1,Warthog Wonders,
Spring 2026,Over 62,2,Central,2026-06-07,Shake-Shake FC 62,4,0,Nashoba Apple Corps,
Spring 2026,Over 62,2,Central,2026-06-07,Boston Villa FC,1,2,Peabody Gold 63,
Spring 2026,Over 62,2,Central,2026-06-14,Nashoba Apple Corps,,,Lynnfield F.C. Olympians,scheduled
Spring 2026,Over 62,2,Central,2026-06-14,Peabody Gold 63,,,Warthog Wonders,scheduled
Spring 2026,Over 62,2,Central,2026-06-14,Hopkinton OF,,,Boston Villa FC,scheduled
Spring 2026,Over 62,2,Central,2026-06-14,Medway,,,Arlington PondDawgz 62,scheduled
Spring 2026,Over 62,2,Central,2026-06-21,TBD,,,TBD,scheduled
Spring 2026,Over 62,2,Central,2026-06-21,TBD,,,TBD,scheduled
Spring 2026,Over 62,2,Central,2026-06-28,TBD,,,TBD,scheduled
Spring 2026,Over 68,1,Central,2026-04-05,Lynnfield F.C. Pioneers,1,0,Harvard O-68,
Spring 2026,Over 68,1,Central,2026-04-05,The Warthogs,3,0,Sudbury FC Platinum,
Spring 2026,Over 68,1,Central,2026-04-05,New England United FC,1,0,Everett Phoenix,
Spring 2026,Over 68,1,Central,2026-04-05,LFC Travelers,1,1,Lexington o68,
Spring 2026,Over 68,1,Central,2026-04-12,Sudbury FC Platinum,7,1,Lynnfield F.C. Pioneers,
Spring 2026,Over 68,1,Central,2026-04-12,Harvard O-68,1,3,The Warthogs,
Spring 2026,Over 68,1,Central,2026-04-12,Lexington o68,0,4,New England United FC,
Spring 2026,Over 68,1,Central,2026-04-12,Everett Phoenix,5,2,LFC Travelers,
Spring 2026,Over 68,1,Central,2026-04-19,Lynnfield F.C. Pioneers,1,5,The Warthogs,
Spring 2026,Over 68,1,Central,2026-04-19,Sudbury FC Platinum,7,1,Harvard O-68,
Spring 2026,Over 68,1,Central,2026-04-19,Everett Phoenix,2,1,Lexington o68,
Spring 2026,Over 68,1,Central,2026-04-19,LFC Travelers,0,5,New England United FC,
Spring 2026,Over 68,1,Central,2026-04-26,Harvard O-68,0,3,LFC Travelers,
Spring 2026,Over 68,1,Central,2026-04-26,The Warthogs,3,3,Everett Phoenix,
Spring 2026,Over 68,1,Central,2026-04-26,New England United FC,4,1,Sudbury FC Platinum,
Spring 2026,Over 68,1,Central,2026-04-26,Lexington o68,2,0,Lynnfield F.C. Pioneers,
Spring 2026,Over 68,1,Central,2026-05-03,New England United FC,4,3,The Warthogs,
Spring 2026,Over 68,1,Central,2026-05-03,Everett Phoenix,0,2,Sudbury FC Platinum,
Spring 2026,Over 68,1,Central,2026-05-03,LFC Travelers,0,2,Lynnfield F.C. Pioneers,
Spring 2026,Over 68,1,Central,2026-05-03,Lexington o68,4,0,Harvard O-68,
Spring 2026,Over 68,1,Central,2026-05-10,Lynnfield F.C. Pioneers,0,2,Everett Phoenix,
Spring 2026,Over 68,1,Central,2026-05-10,Harvard O-68,1,6,New England United FC,
Spring 2026,Over 68,1,Central,2026-05-10,The Warthogs,4,1,Lexington o68,
Spring 2026,Over 68,1,Central,2026-05-10,Sudbury FC Platinum,1,0,LFC Travelers,
Spring 2026,Over 68,1,Central,2026-05-17,Lynnfield F.C. Pioneers,1,5,New England United FC,
Spring 2026,Over 68,1,Central,2026-05-17,Sudbury FC Platinum,1,3,Lexington o68,
Spring 2026,Over 68,1,Central,2026-05-17,Everett Phoenix,5,1,Harvard O-68,
Spring 2026,Over 68,1,Central,2026-05-17,LFC Travelers,1,4,The Warthogs,
Spring 2026,Over 68,1,Central,2026-05-31,The Warthogs,2,0,Lynnfield F.C. Pioneers,
Spring 2026,Over 68,1,Central,2026-05-31,Harvard O-68,1,4,Sudbury FC Platinum,
Spring 2026,Over 68,1,Central,2026-05-31,Lexington o68,0,4,Everett Phoenix,
Spring 2026,Over 68,1,Central,2026-05-31,New England United FC,4,0,LFC Travelers,
Spring 2026,Over 68,1,Central,2026-06-07,Harvard O-68,1,2,Lynnfield F.C. Pioneers,
Spring 2026,Over 68,1,Central,2026-06-07,Sudbury FC Platinum,0,1,The Warthogs,
Spring 2026,Over 68,1,Central,2026-06-07,Everett Phoenix,2,4,New England United FC,
Spring 2026,Over 68,1,Central,2026-06-07,Lexington o68,2,0,LFC Travelers,
Spring 2026,Over 68,1,Central,2026-06-14,Lynnfield F.C. Pioneers,,,Sudbury FC Platinum,scheduled
Spring 2026,Over 68,1,Central,2026-06-14,The Warthogs,,,Harvard O-68,scheduled
Spring 2026,Over 68,1,Central,2026-06-14,New England United FC,,,Lexington o68,scheduled
Spring 2026,Over 68,1,Central,2026-06-14,LFC Travelers,,,Everett Phoenix,scheduled
Spring 2026,Over 68,1,Central,2026-06-21,TBD,,,TBD,scheduled
Spring 2026,Over 68,1,Central,2026-06-21,TBD,,,TBD,scheduled
Spring 2026,Over 68,1,Central,2026-06-28,TBD,,,TBD,scheduled
Spring 2026,Over 68,2,Central,2026-04-05,Wayland Spirit,0,8,Wanderers,
Spring 2026,Over 68,2,Central,2026-04-05,Burlington 0-68,3,2,Needham Relics,
Spring 2026,Over 68,2,Central,2026-04-05,Exeter Seadogs,8,0,Londonderry FC,
Spring 2026,Over 68,2,Central,2026-04-12,Needham Relics,5,0,Wayland Spirit,
Spring 2026,Over 68,2,Central,2026-04-12,Wanderers,4,0,Burlington 0-68,
Spring 2026,Over 68,2,Central,2026-04-12,Londonderry FC,2,forfeit,Beverly,forfeit
Spring 2026,Over 68,2,Central,2026-04-12,GRandOVER 68,1,1,Exeter Seadogs,
Spring 2026,Over 68,2,Central,2026-04-19,Wayland Spirit,1,3,Burlington 0-68,
Spring 2026,Over 68,2,Central,2026-04-19,Needham Relics,0,3,Wanderers,
Spring 2026,Over 68,2,Central,2026-04-19,GRandOVER 68,7,0,Londonderry FC,
Spring 2026,Over 68,2,Central,2026-04-19,Exeter Seadogs,5,1,Beverly,
Spring 2026,Over 68,2,Central,2026-04-26,Wanderers,2,0,Exeter Seadogs,
Spring 2026,Over 68,2,Central,2026-04-26,Burlington 0-68,1,2,GRandOVER 68,
Spring 2026,Over 68,2,Central,2026-04-26,Beverly,3,2,Needham Relics,
Spring 2026,Over 68,2,Central,2026-04-26,Londonderry FC,2,0,Wayland Spirit,
Spring 2026,Over 68,2,Central,2026-05-03,Beverly,5,1,Burlington 0-68,
Spring 2026,Over 68,2,Central,2026-05-03,GRandOVER 68,2,1,Needham Relics,
Spring 2026,Over 68,2,Central,2026-05-03,Exeter Seadogs,11,0,Wayland Spirit,
Spring 2026,Over 68,2,Central,2026-05-03,Londonderry FC,0,8,Wanderers,
Spring 2026,Over 68,2,Central,2026-05-10,Wayland Spirit,0,7,GRandOVER 68,
Spring 2026,Over 68,2,Central,2026-05-10,Wanderers,2,forfeitNP,Beverly,forfeit
Spring 2026,Over 68,2,Central,2026-05-10,Burlington 0-68,1,1,Londonderry FC,
Spring 2026,Over 68,2,Central,2026-05-10,Needham Relics,0,9,Exeter Seadogs,
Spring 2026,Over 68,2,Central,2026-05-17,Wayland Spirit,1,6,Beverly,
Spring 2026,Over 68,2,Central,2026-05-17,Needham Relics,2,2,Londonderry FC,
Spring 2026,Over 68,2,Central,2026-05-17,GRandOVER 68,0,2,Wanderers,
Spring 2026,Over 68,2,Central,2026-05-17,Exeter Seadogs,2,forfeit,Burlington 0-68,forfeit
Spring 2026,Over 68,2,Central,2026-05-24,Beverly,2,6,GRandOVER 68,
Spring 2026,Over 68,2,Central,2026-05-31,Burlington 0-68,7,1,Wayland Spirit,
Spring 2026,Over 68,2,Central,2026-05-31,Wanderers,4,2,Needham Relics,
Spring 2026,Over 68,2,Central,2026-05-31,Londonderry FC,3,5,GRandOVER 68,
Spring 2026,Over 68,2,Central,2026-05-31,Beverly,0,4,Exeter Seadogs,
Spring 2026,Over 68,2,Central,2026-06-07,Wanderers,7,0,Wayland Spirit,
Spring 2026,Over 68,2,Central,2026-06-07,Needham Relics,4,1,Burlington 0-68,
Spring 2026,Over 68,2,Central,2026-06-07,GRandOVER 68,1,0,Beverly,
Spring 2026,Over 68,2,Central,2026-06-07,Londonderry FC,1,8,Exeter Seadogs,
Spring 2026,Over 68,2,Central,2026-06-14,Wayland Spirit,,,Needham Relics,scheduled
Spring 2026,Over 68,2,Central,2026-06-14,Burlington 0-68,,,Wanderers,scheduled
Spring 2026,Over 68,2,Central,2026-06-14,Beverly,,,Londonderry FC,scheduled
Spring 2026,Over 68,2,Central,2026-06-14,Exeter Seadogs,,,GRandOVER 68,scheduled
Spring 2026,Over 68,2,Central,2026-06-21,TBD,,,TBD,scheduled
Spring 2026,Over 68,2,Central,2026-06-21,TBD,,,TBD,scheduled
Spring 2026,Over 68,2,Central,2026-06-28,TBD,,,TBD,scheduled
